,0
CXCL8,1.0249857879414614
VIM,1.2611617906572505
LCN2,32.389302345157084
IL1B,0.8418136900220036
S100A4,0.6847461499043042
EREG,4.915152582135904
SERPINA1,0.9498671257162546
LTB,1.0498607852429023
HIST1H4C,3.9473892130190142
CXCL2,1.6778667183044402
CRIP1,1.3548039916855998
G0S2,2.7234459733529404
ISG15,1.4423786000052976
NEAT1,1.3020121901429267
MT2A,2.3214798601657454
TOP2A,157.85272895472073
ATP1B1,36.703457415605754
ID2,0.22401235919117574
GAPDH,1.7595826311383207
IL32,1.5607028847261502
FTL,1.247544922736122
ANXA2,2.031156933285153
CD38,0.825584117824721
CD24,8.04400028288599
CENPF,63.01590533200972
PDIA4,2.8992966257980406
IGFBP7,5.132442871391488
EGR1,5.4128136658673975
PPP1R14A,3.065207965873592
ID1,6.561008471362531
ID3,3.4084483225043347
UGCG,7.549052285281736
SRGN,0.621569990027106
MKI67,88.72616241113677
ACTB,1.2668758758631078
MYL9,13.829657570105983
CD9,6.885912289362114
IL1RN,0.21802064755135336
NPC2,2.212111406090319
CA2,6.120070591532712
HSP90B1,2.99298585433143
C12orf75,5.223483329475588
IFI27,95.43749415463525
IFI6,0.42177830862713045
CEBPD,0.760583665861848
BEX1,23.880120039356093
S100A9,0.6900112139810801
TGFBI,3.0091035162016992
SOD2,1.303637615050503
AREG,1.1544751130796973
HMGA1,2.507792029217871
TNFAIP2,2.284101801597216
TNFSF10,0.6654494543698876
CLIC3,2.694781633324867
CTSB,3.69793927086194
ATF3,1.098407964010044
CYBA,2.5472446470581005
PDZK1IP1,81.67640520370743
MT1E,23.551932547836078
INHBA,200.89860765226646
CALR,2.9146617936489747
CST6,251.10087746774502
CYP1B1,7.261989023762386
IFIT2,0.6921886318080938
IFIT3,0.1020274186292697
TACSTD2,147.55395992617775
CCNB1,59.093417271153946
CD74,1.84476430457304
CDKN2A,19.553027763790222
NFKBIZ,0.601209150771234
MROH8,0.7834371700756687
YBX3,1.8098257020560107
CXCL3,0.15954522938208793
PLAC8,1.7935701176596037
POU2F2,0.4697189107484994
IFIT1,7.7738516726016655
UBE2C,565.6989437051119
HMOX1,1.031657683009402
PBK,2287.8702439460953
CDCP1,233.56590906613786
C15orf48,69.13546640229039
CLU,3.814446848927668
MAL,1.5396077157124484
JUN,1.0064573682488762
CCNE2,178.20856664668986
CDKN1C,7.066928614980168
TPM1,4.782602197410143
S100A6,0.6348517757144851
THBS1,31.13168570122881
CD40,2.272872480181675
PLK2,25.61157731500184
ITGB1,5.467878778071675
PYCARD,1.0701638366196784
NME4,4.210086760833933
NFKBIA,1.1448201202893482
NAMPT,1.1433737092479466
CDC20,434.8716702335299
MGST1,1.4687280716066877
MEF2C,1.533969053855379
PLAUR,1.491666729839506
CD69,0.7450813267685601
MX1,0.8562875856605028
PHGDH,21.892016353338487
FOS,1.2453340932507277
NCAM1,0.24328756697307952
CYB5D2,1.5643102511276283
BID,1.1144733905591684
IFITM2,1.2809222208322422
PTPRS,13.119925933007643
ARPC1B,1.3163595916930217
LIMS1,2.6831578681020027
TPX2,309.7493569989127
RNASET2,1.997728041348224
IL6,7.094823616716679
NET1,8.234194509114639
MYC,0.9941664514139679
TPM4,3.264050735885968
EFHD2,0.9962688343113867
GLIPR1,0.8077322226422781
VCAN,1.173701035052172
PARD3,147.76488036849054
TAGLN,18.797485651972444
OGFRL1,1.6783972140912764
EGLN3,5.7509991973079675
TSHZ2,0.5521060969244248
DDIT4,1.5839842690076988
BIRC3,0.49314888160633863
CKS2,6.534959232044083
UCP2,1.3784855885408864
CLEC4E,0.2832502260019236
CD82,0.7378437588268884
SAT1,0.713530869622913
TNIP3,0.5392846115469778
DLGAP5,277.2754296894958
NUF2,26.936404502809868
CCNB2,93.99418012387072
PTGS2,0.4045276920460201
SSR3,3.7925379890717594
SYN1,0.17675388542268572
HSPA5,2.1503895985512385
RGS2,0.813211471691416
FEZ1,1.5036961033691518
NUSAP1,68.13078254411599
PTTG1,13.878266204113189
SDC2,138.94586212940516
TYMS,79.78101574494107
MGLL,35.71665872116852
CCND1,106.83013415135844
FXYD2,0.05896315768926302
OASL,0.10598202986020798
CLGN,14.926388875687996
PDIA6,1.9726014262998552
HGD,0.5456016792826418
KPNA2,11.600162034016948
TNFAIP3,0.501379513091126
IER3,10.411575378215145
UBE2S,6.9459423984177135
PCNA,4.491674347329481
ADM,5.959195838336227
HBEGF,12.17270107284106
HERPUD1,2.353779109402566
RGCC,1.777371560522238
ITGB3,1.1114988509752255
MT-ATP6,2.075730530248926
KLF10,1.6174084437816734
CDK6,3.3694119033275998
TCF4,5.753129341368188
HIST1H1E,1.3777269181211675
CXCL16,3.083608162690356
IFI44L,1.0502139027315562
COL6A2,4.3919037702487715
GADD45B,0.9124622972249579
RPLP1,3.2507895348778333
CEBPB,0.8892635418354276
HIST1H2AJ,33.2558972353281
PEG10,49.53925749956677
RNF144B,1.5989146635160947
TNFRSF21,43.36700884561495
NRG1,0.39374887595836017
CREB5,0.931010612524726
PLA2G7,0.6955687503940389
B3GNT7,0.3538130294328263
LDLR,4.5115456348531895
DDAH2,2.477918630429558
HIST1H1D,2.646304199346776
FAM111B,13.24105792479759
CTSV,30.869422717196368
LY6E,1.0574529272884419
SGK1,0.22912428785724517
ZG16B,4.9895163271327565
AKR1C3,2.680292094851653
TFRC,11.378552840072434
HIST1H1C,3.269557008765749
HHEX,0.9411616105902464
TUBB6,42.567620664947825
DNAJC12,0.12324545030608823
LDHB,1.6340703149537246
SERPINB2,0.19927464257369493
DMC1,122.59964564267226
DUSP4,11.960661629554135
QPCT,0.5119767577917799
RPS18,2.624152229310451
INSIG1,0.7728118395715177
H1F0,4.664615658924516
FOLR3,5.095705659349577
HMGN2,3.968695978564119
KCNQ1OT1,4.29693437114883
HERC5,7.5118067604139505
GBP4,0.24612577878409575
CCDC28B,1.982232069801784
PIM1,0.3360999315366917
KLF4,0.6151280981458381
ENPP1,0.2854089233574624
HIST1H2BG,3.1951840242899077
CD14,0.5772192978968945
DUSP5,2.760241492653736
TMEM98,6.974187044732071
ARHGAP24,0.2917341358323341
RPS24,2.70768536278145
ST14,7.6935793924054545
DAPP1,0.14463174876763912
ACTN1,2.445884242392567
HMMR,141.4884173946546
LYAR,1.5052746164184594
RAB11FIP1,1.4342242711654176
TSPAN13,4.532174926094814
LAD1,97.63309131726284
WARS,0.800836616764729
BASP1,8.430388596183267
HES1,25.018891599641105
FANK1,1.8176735105248878
MYLK,15.18323045995547
KYNU,1.858648121474105
P2RY6,2.8196292213765775
SPHK1,6.409643958410325
SLC1A5,6.739638366457093
ALOX5,0.12095297519943728
CENPE,99.12074066932755
IL4R,0.4305448600554916
CALU,6.7724144173518
SPDL1,24.84213168877161
ISG20,0.6536084123736541
DUSP6,0.5446752276817477
HIST1H1B,55.38584162746718
CCND2,0.905683262109499
GBP1,0.7608074950556446
UBE2J1,2.519823137248151
MT-ND1,2.3177726754527486
MDK,7.057424390149356
CDA,1.9378982587736067
ARL4C,0.9114181525347934
MT-ND4,1.9132053583964423
SLC16A3,3.177969953180434
IL1R1,13.519431965618217
SPNS3,0.07800945412744896
HIST1H2AC,0.34496921742896847
ADAMTS1,14.703422210263595
HIST1H2AH,9.970628813875495
SAV1,5.077777312899539
YBX1,1.8499255860001287
MPP1,0.2703549527104047
S100P,5.970858733289157
RAB13,19.152178562750052
SLC16A1-AS1,1.572652808312792
TUBA1A,0.667872821842034
CRELD2,1.9419720004364012
XBP1,1.3384968618775064
ARID5B,0.63889501903184
FOXJ1,0.10911636990785573
NEXN,5.497224294210035
SNCA,0.1936271213506917
MANF,2.808841490316986
CXCL1,80.21442611142038
PLK1,179.60412476240634
PSME2,1.676514946229915
SIRPB1,0.819797358008194
UNG,4.921148399360934
OAS3,3.8169500036739032
LAT2,0.13287244530281245
HMGCS1,2.029793453771282
CNN2,1.2396119926175657
SERINC2,18.654644253221548
IRS2,0.5062151978306294
ATAD2,11.607201159670238
PADI2,1.6695010201236042
CTSC,1.6826253941029032
AHNAK,1.8188267993610847
CLSPN,66.38043590634477
BRI3,3.245714044689223
PPT1,1.0591074358617385
TYMP,0.5591904915335757
CNTNAP2,0.21914480675987377
CKB,18.638974703966714
IL6R,0.2967653223438729
HELLS,13.196047866411707
TGFBR3L,83.2300402538501
ZNF503,5.895979205506641
TNF,1.566133509204815
ODC1,2.3796384767697187
PRSS23,2.4366276364322714
RSAD2,0.05965165679274374
P3H2,39.34374643388975
MAP3K8,0.4223206273412084
ENAH,16.55351915329412
QPRT,55.85880006058746
RGS10,1.3648775820764063
HNRNPAB,4.940714008046466
LGALS3,1.920694690276022
THBD,8.708494828841781
HNMT,0.2906429667889696
STOM,0.3394814320323799
SYNGR1,0.8955825361548755
GADD45A,2.5854307038201387
IGFBP4,5.287139503823038
IFI30,0.4393957437797601
LTBP1,2.4582979553965707
VEGFA,9.526430774817793
SEC61A1,3.332858193161782
GATA3,1.5552295699487368
CENPA,777.7640088153258
CITED2,0.6605509026550451
CD70,14.160037876986301
STAT1,1.2195189233268713
LIMS2,0.10586756139166004
SAMHD1,0.20689619485156566
SNRNP25,3.6127847472960313
BACE2,10.605191452920094
NRIP3,13.030787867886488
PARVB,2.469193377121498
SDF2L1,2.256204559657205
NMT2,1.9036080116666094
MSLN,39.966041969911664
HIST1H2BD,0.9910305593923016
HS3ST1,8.48327018272528
NT5DC2,36.59214270845812
SMOX,25.20346348846242
APLP2,1.9905300763884242
DAAM1,3.5280756985361763
IRF1,0.554906435709407
EFEMP2,8.35271468729296
MCM4,19.55106089365802
SIRPA,0.7590725687236137
MX2,0.2824664019205946
TPM2,40.50322946863414
LMCD1,9.672532917073546
AEBP1,0.5433204886248922
NRIP1,3.173428263307068
FGD4,2.0218668786223635
LCP1,0.6312324066593713
PAPSS2,13.754764215025025
TARS,7.704103076096438
OPTN,1.6082800364838374
CARD19,0.5380551843408349
PSAT1,20.478555202457382
PMEPA1,47.03252011957725
PARP14,2.0211577123076965
EFNB1,4.910613537943679
TSPAN18,8.998843270271044
RAMP1,26.024441725824122
CTSS,0.5565149450509659
CARD16,0.13638387522303558
ZNF618,6.4609561214119
SH3TC2,24.678379899908638
ZYX,1.1211522970708843
CHST2,2.1573763911987003
SERPINE1,1.5565006204924248
TRIM16L,12.026280733255135
HES4,5.15217156579633
SPOCK2,0.9635780282430324
NBEA,6.737519749651596
PPIF,5.122806344374414
BCL2A1,0.1553062746106006
CDK1,188.01173274172703
GFOD1,5.167839677659407
DENND6B,0.07111580269809466
P2RX5,0.14633996246003972
SLC26A2,17.07304060870702
CRIP2,6.001633485306269
CDC42EP2,1.6925498377427943
BCAR3,20.521181368842004
LTBR,5.339571447433705
MTPN,1.5689172743612267
MYOF,15.682262929179219
WLS,13.280306658658334
APOC1,90.0691861305817
LINC00467,6.527906232043891
CEP78,4.844344624468611
TMEM158,1.899577909309385
MCTP1,0.15846245353378724
CTSA,2.0801408993202894
MSR1,0.17483540026443017
RELL1,4.720814297020499
SLC7A5,36.279836873976
IL4I1,10.412631135293754
OAS2,0.03967701337358723
LINC01220,0.0649867409573205
ZNF205,23.050514016123188
LACTB,0.3467797126916794
DMKN,69.50657239927966
LIMA1,7.973656603088906
FAM3C,3.347973494278181
FBN2,0.06374579677864177
MARCKS,2.8983243484294388
EPHA2,43.452011962033474
MAPKAPK2,5.311960113602637
MYBL1,2.198055321550997
CAMK1,1.6064504712920806
PRELID1,1.4296979995944694
AK5,1.356655094230405
TACC3,2.5996297202149834
GPR155,0.09108210668194136
MYO1E,8.717795947274922
SPINT1,13.393531131456436
PAWR,10.813674314804938
CHEK2,2.416372690459026
DCLRE1A,3.68287826168427
ASRGL1,1.1308482673982123
KIFC1,63.383412970664594
TUBA4A,1.6909089457407092
RHOBTB3,47.15452589460461
UBE2H,3.9992853624477402
MSH2,6.991326965715762
MRPL17,7.01202272506341
NREP,0.7500582035847161
CCNA2,77.95706620498551
HSPB1,1.749836741283328
PTP4A3,0.14482879858752282
SKAP2,2.2661709806176287
MYADM,0.5776875640438257
ASPHD2,4.778681749110055
MXD4,1.129920457486153
BHLHE41,58.74441410659882
TTYH2,0.1035365814181243
ZC3H12A,3.5730388576540877
GPAT3,2.507255639773163
ASAP1,2.64482062227716
BEX2,1.2292251864186248
SYP,0.037209733391900424
PCSK1N,5.804073303574069
NCOA4,0.8530141167423224
RPL22L1,1.6028413398845485
TCOF1,2.0109341968314056
FLNB,13.764888293295794
AMIGO2,16.1486751060901
RGS9,2.6412497805251642
OAS1,0.2259484637900615
POLR3K,3.4279905301865647
ETV6,0.7213458061435821
GARS,2.923173717993953
KRT18,55.228694603405756
MYO10,59.28754849621123
PASK,0.5846737620166356
CPVL,0.9687538616374668
RELT,0.309112339272752
LRRCC1,3.9064403511332517
TCN2,1.4642087319938013
DNAJB11,1.944569514292036
CXXC5,1.8691023447441466
MCM5,5.0836288336039
SLFN11,0.4610446482508282
IKZF3,0.23746053455156385
SVIL,6.744018806484222
MTHFD2,2.8818446839821554
PTX3,6.6385031573533375
TMEM231,6.480319492149764
LPIN2,0.426262083147046
CCL20,28.17208784821324
REEP4,2.8348055202094464
DPYD,2.800715990475445
FUOM,0.294513399228256
LINC01215,0.14195597853070235
NT5E,7.262808069116216
ADAM19,0.6343174794640896
ERLEC1,3.290502121047906
NSUN6,0.6521678767746607
MARVELD2,134.39852780657478
TSPAN2,0.5993345036345994
CDC42EP1,6.303893955604703
CSPP1,5.515066588165745
PRC1,40.8460707256707
CCDC112,1.1898309382124106
SEC14L1,3.3429686705319024
JSRP1,50.270637943778
NCALD,0.7479182056394436
AUTS2,0.1852682565612759
CENPU,22.915597429824228
SNAPC1,10.052672483550674
AHR,0.21294244723774639
MNS1,128.9310196464112
PSTPIP2,0.10008316763184308
PICALM,1.067912412117035
SULF2,1.9499544952372758
SOX4,4.563911225855167
SYCE1,39.026404475607976
DBT,0.16388197658992654
TET3,2.7685894638750703
NXPH4,0.3810785629629577
AKIRIN2,0.9388763686032565
CANX,2.443679142236847
CDC25B,2.3278189449611655
SPON1,6.766086345153051
NEU1,1.5787022893040756
HIST1H3G,739.1388439574744
CADM1,8.343158323950785
ZFP36L1,1.054129164056485
CCDC34,6.011608522163228
ABLIM1,1.0572021326446412
CHRNB1,0.11038533521357391
EPHB1,18.375545311553505
GPX3,60.71996792171979
SCLT1,3.079287977915678
NOG,2.411022132054681
HACD1,18.348221378846404
KIFC3,9.050295907090542
DPP4,0.7565966734427617
FOSB,0.3585344209908704
ADGRG1,1.9870694555963369
NEK11,28.633130488661994
PHLDA1,21.04272029290309
NASP,3.5767483505103828
UCHL1,7407.337424664854
ATF4,1.334059944267591
HEXIM2,1.264085822126798
DHRS3,0.91882596162092
NAGA,0.6643706861943812
CITED4,0.8351113243360446
SLC20A2,7.982384933657995
NAAA,0.14551448712764473
FKBP11,0.8179756143717748
RAD51AP1,13.516460209607542
XAF1,0.08380731181439799
SESN2,2.4204012022173753
SYTL4,5.741640323604387
PFN1,3.2199222988900726
NOP16,5.8537319074970515
C2orf88,16.606584299559604
RIN2,9.7964899763992
VNN1,0.36829943047305164
FKBP1B,17.77672327510065
RECQL,1.2261794519386642
ZNF710,1.0306160054591882
SCRN1,13.028840811931232
DNAJC10,1.625161306985411
RAB34,7.719271226901206
CLDN16,51.29511137157542
ADGRE5,1.127946905997147
DEK,2.6545367458746125
ELFN1-AS1,6.494293224151753
HMGXB3,3.4079350244810347
LAMB3,873.1538345729009
MAP7D3,6.497104037929001
BIRC5,116.33376029009196
ARF4,1.603277651725885
PTPRE,1.2593680871885675
MARCKSL1,0.5475642171224928
VSTM1,0.15254135226836557
KCNQ1,0.10575843997915102
BIK,2.399806786412431
SAA1,0.4119344366725208
TET2,0.6733875160719909
KIF13A,1.1283274051188972
CDCA7,10.99021407142987
SOCS3,0.7225117191649818
IFNGR2,0.9588187906714153
WDR44,0.053439624242848274
STAMBPL1,1.4254140176674723
LTV1,5.289741628130294
AKAP12,1332.2495117923615
OPN3,1.7489187616790156
DDIT4L,0.16233533661003882
PLAU,0.4157818065224978
C12orf45,3.0322849636735913
PLK4,0.7212049315807281
POFUT1,3.422069056879264
TTC26,27.936573724146502
H2AFJ,2.497698163664538
IL18,5.6220044348649445
APOLD1,0.8632261868676775
TRMT5,0.4466943750028567
FAM114A1,13.902342090920605
TAP2,1.1308641588240942
HIP1,0.2888463392277463
TRIP13,116.78429963854454
MRPL1,3.6587652428943973
DPYSL2,3.1715465298073093
TRIM16,1.4737199219094248
RAB42,19.019468894201328
LEPROT,1.5808135368967535
GRINA,3.050938687732252
HM13,4.490903444429766
RAB3B,170.7726238240447
IL6ST,1.1269457851803018
COCH,0.5478205065469318
SEC11C,2.8628642318719724
SND1,1.2538822784524775
FAM117B,0.10940815176914934
CDV3,2.5010734044392415
H1FX,1.6555158450881249
SLC12A2,0.7600372494407445
HEXA,1.1143775292185027
MMP1,833.4773095680897
AP1S2,1.1790286286069083
SCOC-AS1,15.980043576249896
PPP1R1B,1.1221532912385546
HIST1H1A,26.431629427959287
ICAM1,4.123046961484509
DAPK1,3.265531133458121
HAGHL,1.9906686829660172
MSRB3,16.854496882792947
LGALS3BP,7.855383397648368
PIF1,21.23032017478718
SFTA2,0.004326248168922468
MSRB1,1.350578189069786
SWI5,3.2251468385222135
FOSL2,1.8059517372370533
RGS19,0.4128224478747163
DNAJC9,3.6227807744885583
HADH,3.6753208514554974
TNNC1,0.3097084692520443
COL4A1,1055.4819815096685
JUP,10.39631290121904
PPIB,2.571408320850507
SLC16A6,1.043093174193505
ATP2A2,5.173729211239208
CDKN3,76.4967617545666
LXN,1.3130325034796442
THSD7A,0.031008313652890706
BSPRY,5.871481282845666
PLEKHF1,1.1972449310087354
MAK16,6.115548054402353
SUSD5,0.04918062210862541
LAMA3,1103.2685329363967
FGFBP1,705.286920800649
TSPAN33,1.1299898488892317
PLXND1,3.2869781614786673
AXL,113.28411556663896
CUX1,2.1390602379468944
ADI1,2.6398813113374193
MATN2,0.08092011216863967
RRM2,107.39873213848824
ACER3,3.5450047247908962
KIF14,175.17542371779808
MSRB2,1.9959017128267416
METTL8,2.0450510822121437
MYO1C,11.62172938002662
NGFR,2.146045595387563
MREG,1.079906327671578
OSCAR,0.19778765624298206
CBX2,37.03649717590842
SLC1A4,3.567153810856324
SV2A,36.83391014074509
HEY1,1.0787484484948928
TCF7,0.6355036441447452
IER5,0.47949377212934763
TRIM58,4.747540723173537
PHACTR3,206.00048610127374
TCF7L2,4.800054998611316
RBP1,3.6927097397046422
PRICKLE2,6.349312160491604
GPRC5A,1781.8354394985363
IL17C,0.010999065714406614
SEZ6L2,0.2296912746280363
CDC6,65.09098758268642
NRGN,0.7033668799418377
LYPD1,0.1077775231246043
FSCN1,27.120803113742223
LINC01411,0.0029486097610750338
EIF2S2,1.8654204659091635
MITF,4.445416914647236
NDC80,26.463154719487513
SIL1,2.9960492688780946
SPATA17,20.927499609794594
MIR4458HG,2.140989943512658
MND1,54.4528758622824
CDC42EP3,0.7282120305839146
MUC16,0.004198708341730953
RFC3,17.830270494952348
MARCH2,1.6826136263891989
JUNB,1.3538844278241056
CCDC146,0.9447688075484411
CD99,1.3293745855744827
PCDHGC3,0.0036142996139805826
ALDH7A1,13.417694939958967
GART,2.5898376975627446
KIF23,51.59128640039998
MORC4,10.833922786828674
MCM3,5.694550490303587
IFIH1,1.0071105884675324
FAM43A,0.5475135515361286
DHTKD1,0.919824244322805
TPRA1,2.1691177143400378
CMTM6,1.6734616218905212
PDLIM7,5.7981882422327065
PLCE1,0.6664892829928302
YWHAH,2.7080611785509245
GOLGA2,4.749439054286637
THG1L,1.890385648863921
CMIP,2.0384923534701853
SRC,2.558217143126723
EAF1,0.639761588509852
FJX1,426.7219145686424
IFI16,0.8742086791397106
CEP290,2.245464940153065
FAM162A,1.3566139899270473
AHI1,5.105178344096586
ANXA4,3.3413195279415664
DUSP3,2.914194423024678
SLCO2B1,0.07288417908509011
NOMO1,0.26144521725011743
UBL7,0.8320157506471412
CLEC11A,2.0506134643495195
TMEM178B,136.03536828699242
ZFHX3,7.330262633522932
ENDOD1,2.9703034279692546
YWHAE,3.613095617595186
HMGB2,1.4354733901405834
TMEM161B,1.2125127821784476
GDAP2,0.16303482830597155
PHLDA3,44.030845659867445
ACSL4,3.932364470893096
PBDC1,2.3654781930529727
PFKP,7.248088763433345
HSD17B7,1.4834227437707974
GGCT,3.1114909989140744
GSTO2,11.929616585450168
RARS,4.806297916535865
LMO4,4.8667946269422195
ATP6V1B2,0.3753501636892727
KDELR2,2.581434849206386
NNT-AS1,4.429088844788202
TSC22D1,2.6014185355755863
STX7,2.7674583101183385
MT1G,0.006941580739785518
GNE,2.248614538481212
RCAN1,6.5785265659907575
C1orf21,3.430998924983962
PON2,10.943331634318286
TPMT,0.5331045487216695
ERVMER34-1,78.97013663201366
ARHGAP18,4.039585565259743
HIST1H2BC,0.3385124109696702
LBX2,0.19287629015433225
IKBIP,2.5914912813716957
KCNK15,0.09966521687011103
TIMP3,549.2609012692119
REEP3,6.1016893499998925
BCAT1,43.142933132453535
MGST2,1.9111685675835226
CDH4,0.006930496510019341
AURKB,103.77148756145343
ERBB2,36.42946230247637
CHPF,12.35675717266334
CASC8,3.909096182352505
APOL1,4.294940185011905
DTL,134.06713486587077
RPS23,6.054884227866271
TTC39C,0.5007503580307866
CACNA1A,0.0916755044469732
APEX1,1.7265749453194488
CRNDE,80.14899264444776
TJP2,2.750833208881217
DUSP10,1.9656820148676126
RASSF6,41.78144421048812
KSR1,0.06320919204988037
ORAI2,0.8375882917150848
EMC1,1.7553322960138353
ARMCX3,1.1812485795391938
CARS,0.4585800065580837
MLLT11,1.2025585805609291
RNF168,2.228599825706109
KITLG,2.2873653800992626
HIST1H2BN,1.5434487313362066
TRIP10,54.24756706351039
CDT1,71.55363082871725
SPA17,17.612660255640318
TWSG1,2.336214652460321
CPNE2,0.1383458145765124
TBC1D4,1.0990972914891692
ARHGAP31,0.16829697026068494
RNF217,11.076262089844086
PLIN2,1.341055157126135
NDRG1,0.8732951636244941
CDKN2B,0.4196001637672535
FANCI,14.929786593533239
HMGN5,5.713834638347674
SLC39A3,2.14893790153423
IFI44,0.1465208053795733
FBXO2,6.32948930785233
NCEH1,11.370369773394273
DEFB1,0.12433429302483796
TMEM106A,0.21167876064940092
SERPINB1,0.6445024376131113
STAP2,13.167872359269502
H2AFY2,8.114225729761003
HPSE,0.17582331492437786
PPCDC,1.14667552429953
SLC20A1,2.0714479465146205
MFSD1,0.4378927498053317
SMIM22,0.15767864763619127
MACROD2,6.255324805419548
CDCA8,82.02233140351098
CERCAM,1.0806330991862365
ZNF185,7.2086806061077615
PLXNA3,2.7612947938937538
ZBED2,0.1593525831497051
TXNDC11,3.361310057102399
PGLS,1.1475392923039265
RAB8A,0.9803524968910999
TFDP2,3.8251954304738187
TRIQK,0.16316000477800674
NRAV,1.1001632907013592
MYD88,0.42052899718852976
COMT,2.67473200740765
SOX9,765.0624123278444
DST,13.81360529447188
PLXNB1,6.110329297843207
TNFRSF25,0.6193552655403043
PDE4D,1.2348113041802855
MAP3K1,0.7067867598741384
GALNT10,2.809289098126419
ADGRG6,16.315053600069067
MIEF1,2.9604598263845774
UBR4,1.4102466701822387
ZNF583,0.12202310304668847
DSC2,5.591500158865438
AKT3,1.429034719042098
RNF157,7.041567763671411
NDN,8.130482423268697
ORAI3,0.9015574234788625
FRMD3,0.2522178250814429
EIF5A2,0.786540790336036
PLAGL2,0.5121649976780931
FNDC3B,6.096176976909431
WNK4,11.066527942348856
NDUFS4,2.285740657947831
TMEM97,14.299983418387797
BACH1,1.3127460373223554
PUM3,1.1533517641661672
TPD52,1.4329722976660175
ANGPTL4,174.37104429790313
STOX2,1.7951119100316604
MXD1,0.15720359169321582
PYCR1,64.48957340686562
SBF2-AS1,7.993482987297933
SLC24A3,836.5179872330177
MYRF,451.256623875031
SPATA6,5.487755900333561
PRSS12,0.35138941618369623
SCO2,1.9639714709179394
FAM135A,0.11430371621014647
NFE2L3,6.272199313222025
RBBP8,27.87343524578206
CPM,3.948011986321148
MIR100HG,85.03466182001505
MPC1,0.08258101317567151
MCM7,4.5976289970058755
ZNF821,0.04891147174814948
SRPK1,5.337761433309891
PXK,0.06750519122490456
SMIM14,0.6405640032740655
FAM110A,0.15324651836715078
DAB2,4.436631597303191
COL5A1,0.044698639413062395
MRPS28,2.7259729486030455
ADAP1,2.6656449311984085
AP1M2,0.3074422578847894
ATXN1,0.7309416180694008
SPECC1,3.0354385292394657
TOX2,0.30133964577720995
NEURL3,3.966273974464499
RILP,1.162851288672386
HIST1H3B,0.18242103546630709
FAM217B,0.40859165816162935
TM4SF19,0.7726272471024886
MICAL2,5.225890202699409
SEC24A,2.682705415089605
PABPC4,2.155485598131564
CEP162,3.1454749037870204
ANTXR2,3.4718518833803147
GSPT2,3.1200146750057773
MFAP5,0.44542279989379163
DBF4,3.9411000995509706
PRR36,7.847177103402029
PCED1B,0.18882410820849616
NPDC1,5.131610617587621
SAMD9L,0.105341383288626
MMAA,1.4493215345635928
ERCC2,1.2607059209734437
OSTC,1.8071285133553863
FCGRT,0.5563530434638908
NAF1,1.234087443914773
PRKCD,0.3646328475154403
ZNF331,0.30569969967781296
CDKN2D,0.5162256376223384
TMA16,2.478050172777849
HSPA1A,2.171570611176351
IRAK3,0.16396809448454902
RBP7,0.3996630323746562
IFI27L2,0.7274248339355736
XCL1,0.23089028740641848
SIPA1L1,3.035083435828327
SNN,0.5002732106653214
APP,5.926394041647265
RNF13,0.9522616496376253
DENND2A,440.01264582183813
FBN1,93.36371574470868
HIST2H2AC,4.0305026214558595
DCPS,3.3134485634996382
SURF6,4.956048931615668
PDGFB,20.673099091648456
TFAP4,1.121413230137057
PCDHB5,18.024258274016297
TLN1,1.9661611571088102
MAP2K3,1.1697642638034882
CAMK1D,0.15699879659070395
BCL9L,1.837289119712354
TACC1,1.6980663271787577
ZCCHC8,1.433460264215301
UBE2W,1.190606109084682
ESCO2,304.8796642145181
HLA-DQB1,1.063868513224302
RAP1GAP2,2.099409903963225
LST1,0.6104380904743831
PALLD,26.422380641728154
SMAD3,3.045411081176566
LIG1,3.0303375160607673
CPEB2,1.670221767143027
SELENBP1,0.021573549987139038
TXNDC5,53.98448384926442
ZNF333,0.13584825971835904
FAM49A,0.521028912049526
MAP9,2.05732618000394
PHF23,1.364119857039026
DENND3,0.6760767211473404
IDO1,0.8555032135588034
CACNG8,0.0628893499560277
RNF169,3.158671792448176
UGDH,4.308310818946901
AHNAK2,763.560941726738
LMO7,4.160381186288292
OXNAD1,1.3085156875367745
ITGB2,0.2903201573752526
ADAM15,2.1511171609710074
ALCAM,25.790157434762335
KLF7,0.20364666777488225
SLC36A4,0.7970275894436467
PRR11,28.853844240081777
TEX9,1.1778541970847878
CYP2S1,0.07573995470254799
IL19,0.05717296299729582
CUEDC1,9.743635600373686
RIMS2,0.14751231080380015
DSTYK,0.06947545125625165
SMARCC1,1.5177578644639425
SNHG19,1.471766299259703
MFGE8,1.7774161358720577
GRB7,0.31377466356695305
TMED5,1.050359097649533
SLFN5,0.8687218025192746
BTBD8,0.03395690762815268
TNFRSF18,0.26132169234203295
VMA21,2.3897879383688476
LFNG,1.2777974804331478
MOB3B,1.5482482179245158
PDSS2,1.9138691723648253
SPPL3,1.87456454725589
PLCB3,3.202762065802883
AHCTF1,6.365487499611993
F11R,6.290709468522076
ARSB,2.8065791818031482
VAV3,0.12217666470899205
WDR1,0.9748748663293029
IGF2BP2,19.13723936630551
CETN3,5.366415464601374
FANCM,2.1335073264357836
XRCC4,1.6836030335840095
ZNF587,1.188374555735042
GMPPA,2.4201211375075165
PHACTR1,0.3140900696138532
KIAA1841,0.17499072520195444
DHRS4,1.1373593580924923
AP1AR,4.281325027661674
GNL3,1.6457437889976532
IER2,1.235168890927175
TBC1D9,1.0549331805339324
ACO1,0.3030916545552142
GYG1,0.6085662776669403
PACSIN1,8.429381082994738
LARP1B,3.580376030581235
PLOD3,2.0049361940779855
SIPA1L3,2.3533080517372142
CRYBG3,4.029490153668278
AP4S1,0.031744775015008775
CAPZA2,0.7151224256899031
CABLES1,115.52737219316525
CBLB,0.5153049583641628
LYPLAL1,0.5187951986299612
STARD4,0.14379542653470043
PAICS,4.883277009065721
NCKAP5L,1.0297335928486613
SPRY1,6.92080037477032
MSH6,1.5623899988930632
PLTP,29.86187842248145
GCLC,3.676981598424001
LIMK2,1.884872110952026
ATP6AP1,0.7480806069635448
RHBDL2,0.9307124395451711
TRIB1,0.505661699686737
HIST1H2AG,20.344781118771554
PGAP2,7.069353003058325
ZNF516,0.08431817513327454
SQLE,6.710640365133106
SDCCAG8,0.9899860345772749
TGFBRAP1,6.285097975962267
TMEM14C,1.851611121969316
ETS1,1.798437409299548
DUSP16,0.32556989727083185
STK38L,1.3855681449067399
RPS6KA5,0.8799679515110833
MRPL27,2.0383346537691636
RNF212,0.06899688801159237
SNHG12,1.5496057962470382
ATP2B4,2.434774911405085
NID1,3.4262177182202374
RGS16,0.2780907050673598
DRD4,0.9913273711382291
SLC16A1,7.224383381595683
LUCAT1,1.6136956927955814
KLF6,1.4499729516532216
CPT1A,0.2723426553953303
DOCK5,0.1527586633603257
SWT1,0.08285735045708717
WNT10A,5.306116641016667
RXRA,0.40043847506901115
CCDC80,151.63739638819249
HIST3H2A,0.8829167914724464
CEP76,0.1670833444541636
TUFM,2.0994629868493146
WEE1,5.629988925493567
ZNF513,3.698902245078319
TRIO,5.812056807313134
MUTYH,1.256673399895037
LSP1,0.49628664360703306
CSF2,0.8098190591829143
ZCCHC2,2.175627675306297
CCDC30,0.20434559520351736
ZCCHC7,1.1170596409648093
TRIM14,1.103067673197526
PAK1IP1,2.2600134409770103
HIST1H3F,3.153511405283262
NUDCD1,6.168379711461478
PDK3,0.09330845231918383
FMNL2,60.501518686531334
MELK,2471.3642426639794
MIR193BHG,6.629943012903521
MCPH1-AS1,154.85128317500093
SLC11A1,0.2676019704874171
DTNA,16.419460374846366
HOMER2,6.101419171184798
HIGD1A,2.0939839929586985
CHDH,285.2998348165438
CFL2,10.149775984869821
RPL26L1,3.482751918512181
ICK,1.951293451781923
SHD,13.561092690753071
ATP13A1,2.4799602183133826
PPP1R15B,0.6343186209994613
SOCS4,4.648050302755825
B4GALNT4,8.61436548107434
FAS,1.700779563461226
VMO1,0.2646445275810051
SRM,2.7192850522926943
MTFMT,3.4665356366292888
ZMAT3,1.556137409844919
ACVRL1,0.08415754807573318
RCN1,13.607415262335266
PER1,0.14589701821531295
HIST1H4H,3.62345504686441
TRIM69,0.634451528500983
SNAI1,0.13951882255951045
NPC1,1.8696349971601862
CSRP1,1.4780416503699068
PSMA3,2.3108131834038725
ARFGEF3,45.20236281498666
CDC123,2.2600939537332114
DLX2,0.2237124926050157
SAMD3,0.6965054244288947
PLIN3,5.503618940195211
FAM171B,0.07229948657264662
SERPINE2,8.074686530759196
MIR99AHG,44.07053621708132
INTU,3.305720791744473
MTMR1,0.12392272979844106
SEL1L3,1.8416221464349933
NUFIP2,1.17487965668957
MOSPD1,0.1064893443661936
CNDP2,0.8836945786449969
ALKBH4,2.86794103165065
FBXO30,0.283743794592359
PHTF1,2.135052993129766
PARP16,1.239482623349966
FST,0.31898230727767746
LRRC8B,1.688518878246098
NCBP3,3.1183892611235255
TMX4,1.2130702952521217
IQSEC2,0.07373028025993832
NAV1,24.007347058960903
CDC25C,31.36970788197973
C11orf80,0.21081854993387408
PNPLA3,0.45723617054503973
RPS6,3.7048372331810406
SLF1,0.6203847990102271
ZNF335,0.831226293565979
SLC16A7,1.0172611894324053
CCDC86,3.3312326245439596
APOL6,0.3826205809369981
CMSS1,6.954316491241019
APMAP,1.3670107703953358
EDEM1,2.60873588333624
KIF1C,13.087442885609912
CHRDL1,163.86643322228835
ALDH18A1,2.137824879805755
GRAMD4,0.04566923837795609
PPAT,8.11924184700579
DHX33,11.18435410638086
PMS1,1.3836794420745395
ATP11C,2.516894737692725
TRIB3,5.7950482777874655
PDK1,1.5802767583963908
BCL2L11,2.8013287977376033
CCL22,1.9399248649623957
ARMCX1,0.34440792683451116
UBAP2L,3.5817687060207133
GULP1,569.6481638838692
TIGAR,6.756154369001153
CDH3,0.03442640515885405
EBNA1BP2,6.430267179079038
TRMT6,2.2058401235368224
CDC73,3.2268670108449284
GNAI2,1.4966058732752976
MAP3K11,0.2737240983575016
GAPLINC,0.3022915735849335
MCOLN1,0.4713945122852708
PDP1,2.222737477458037
ARHGAP26,0.9616990913425528
SMCR5,0.052723325920117324
SDCBP2-AS1,0.2716605760668658
ELK3,4.4491785659121055
POLR3D,0.9255085002624542
KIF3A,1.0370463376013053
SAMD12,22.500047398889095
ACP2,1.12285931532078
CCPG1,0.5378900451926495
S1PR5,1.4282807893397176
CNPPD1,0.12941932493277494
PLEKHA2,1.1385485972149558
RUNX3,0.23560043265638997
FAM107B,0.4507182711831799
DHFR,19.33795960704486
CMTM3,0.5344414516196077
KNSTRN,12.993937407430389
FUT11,0.9959680583587405
ITGAV,24.805577672431667
SORD,3.2400271975898143
DNTTIP1,1.4246754673695512
ZBTB11,0.06412425414782742
CTBP2,3.379140687081311
WWOX,0.9851989278494314
POLD3,6.999286950823144
FERMT2,599.145974108079
PIP5KL1,0.11076644663092085
APBA2,0.2218178187324083
CEBPZ,1.371292612884781
CASC19,662.0577583379259
HRK,0.049429089751340055
ZHX2,0.06488758891662226
LY96,0.23886262333701136
RANBP2,3.5768026861195144
UBE2E2,1.6334484105738016
TINAGL1,0.37838250662096157
LLGL2,1.7782437358535736
RHOQ,0.5013023103358338
IFITM1,0.7993155019273291
RRP12,0.6663323315125018
PECAM1,0.36405341433679395
PKD2,2.0277318668960818
LRRC75A,4.159682015604755
RNASEH2A,1.0861881917731677
CHAF1A,7.47607070393293
PHLDA2,14.875410966430797
STK39,1.415220267510494
MED12L,3.497754994723324
ZYG11B,1.213153351503184
NFIX,18.2327945381945
BST2,1.1528214983429215
TMCC1,0.12199732245056114
SYCP2,3.2773278972739637
RPS6KA3,1.193492142680865
GSTZ1,2.726021853663537
TMEM132A,198.08325926227243
DNAJB4,0.12637653629948134
AKR1A1,2.1953932663908025
DENND2D,0.47295280475679263
KLF9,0.09117827012936887
FKBP15,0.9120904308433808
CDH23,0.353327107104614
DUSP14,4.749693448679263
BET1,1.8675566959779886
CHD6,0.8313771680902174
MTMR12,2.593882097181076
GK5,1.635772509077388
TYW3,2.2127281044033302
FAM160A1,4.099711638944617
ZNF829,0.164596554459117
CDR2,3.88039883149582
EPRS,4.344056086841211
CD2AP,2.5636705604251144
TP53I11,0.7756291519537547
RUNX1,0.6229198149567181
EFCAB2,0.28397695537742995
SDE2,4.910734138367407
RGMB,0.03666745923409311
TPST1,3.627032593510833
DDX20,0.08141429679166068
TST,2.8844179311146934
PPP1R3E,0.08053883436384444
LIPE-AS1,1.1652317726290027
MSC,0.2511048548623196
RBM24,2.7148605197163986
RABGAP1L,0.9893312886030691
MPP7,0.13036590461570635
TARSL2,0.2061939384039309
DCAF13,1.7877079100783035
GLB1,3.1733739543846924
MROH6,17.77826777451756
CPSF3,2.4622669076805277
ANK3,0.21495694850802177
TMED8,0.14952579994828144
KDELR3,388.69422584746957
GCNT2,1.4039058897945993
LPCAT1,1.5872702640009453
UCHL3,2.8698910989825572
SLBP,1.400281125476555
THRB,1.8154913563455346
GPATCH2L,1.1481235186068506
FOXK2,8.99973032266607
USP44,0.08652053003023924
RIT1,2.3190091352404263
SMYD3,1.109054727257568
PM20D2,0.8793813880718635
STKLD1,0.07138639965598287
NBN,2.0062143651354067
CCNB1IP1,0.10536679432949718
EPHA1,0.09852269304860123
UBXN11,0.9855718561017803
ZNF462,369.5630735283497
ZNF667-AS1,4.792685012736689
MIR222HG,1.1560117403757209
RABGEF1,1.462921403376977
PDLIM4,19.563358864821225
RUNX2,1.406178146561818
F3,0.3307834874663762
ESF1,1.7897608075092335
ARHGEF28,0.18573906035818744
GABPB2,0.39125857570756134
MNT,0.15929672098385741
DNAJC4,0.827923884505411
ADAM17,1.735950483465735
RAB29,0.49453844460905727
RBKS,0.9897791510993175
FUT8,1.8262090804534445
TRAF7,2.085110544241259
CKAP2,14.448939265319266
GATM,0.3847867261856511
EXPH5,0.5799499031994231
RBM15,0.5872055890412174
PHKG1,0.5927674900170078
WDR66,0.5089169604480839
CD3EAP,17.75837929150039
DNAJC22,0.3527414357381773
PDCD11,9.620563746262922
PSMB9,0.42252231324642414
CLSTN3,5.108342065170198
VAT1,11.445670979320582
TMEM144,3.1005890524050024
EXOSC4,5.167670399736485
FIGNL1,2.8515465466920227
ZBTB43,1.4299853865720953
SNX1,0.8866877032209723
HIPK3,0.12742348140565216
SLC12A9,0.46841853885577417
LRP6,50.75091450038343
ALDH5A1,1.3364548585943925
UBXN7,5.808787061966873
FUZ,1.3019738043071691
TCIRG1,1.4918925810376782
SH2D3A,0.24820282726433276
AGMAT,0.21609108961897314
POP1,13.322665358816012
CEP63,0.4997704858776694
CEP152,1.1124509300176562
PPARA,1.903311176032541
HYAL3,0.46535917647413655
GABARAPL1,0.2956143508606296
IRGQ,1.4813019605985083
SLC43A3,4.872063996658021
FGFR1OP,0.9576540218593739
PGBD5,19.276791576039376
BAIAP2,8.473040210590888
COQ2,2.0807936922658867
DNAJC25,5.8182058350820425
MAST4,0.5886083115892756
CAMK2D,0.5873821067672176
GNG12,761.8291022119166
TBC1D31,1.4925000694774808
ACAA2,0.5518074881432795
NOP14,2.5149844774681736
MCEE,0.5710193656799176
MIR155HG,0.4685130115026409
FANCF,1.6075295127060543
TAF2,2.2979730204921522
HCCS,2.8989616284056097
TMEM125,101.00117382429016
IER5L,35.436293594120116
DCTPP1,2.95618494586123
RRP15,2.2419318757348297
GP1BA,0.38206658980320407
ZNF616,3.1388568226657907
DIS3,1.7139305924438653
FGF2,3784.2415322582824
RPP40,0.6999266488697339
FCHSD2,0.32302194970660764
FARP2,1.2293052313102883
SLC6A8,2.1157602220253127
STMN3,0.8724417853727747
PSPH,12.083773667241358
BCL2L1,5.218757462491458
SUPT3H,0.2720037536095656
POMGNT1,1.3279845105341612
SH2B3,0.4888442494665655
CHCHD3,1.686974931138722
ATXN10,2.2848936896077494
EIF3A,2.4243802892085413
USP28,2.789276375487818
CCDC68,19.212859128273855
SORT1,0.9660278529293642
SUFU,0.05141348594843573
PPP1R21,0.06392964182514838
ST8SIA6,0.14040658018578578
NSMCE4A,1.7695221933625733
DENND1A,3.1282979770067785
NOLC1,1.9173462874957046
WDR76,1.519900005580479
STXBP6,1.3494776574776133
CRIM1,11.396330225368892
TLE2,8.334206638878749
BDNF,229.47497686753178
KIF16B,1.2463625376206957
NINJ2,0.15087695449566374
PTPRJ,1.6180286014284078
HDAC6,3.9819202391575512
FRA10AC1,0.37996161178315047
TTC39C-AS1,0.26163095836111977
SAMD4B,2.5008957475352456
PCGF6,2.170420426364138
PLD3,0.46451835115448487
AGK,1.0712770738345723
MANBA,0.3997604611908564
NANP,10.825393432246756
CHD8,2.831150553991533
PSEN1,2.2296379496177785
LHX1,1028.9611500610742
PIGU,2.1641232420029723
MRPL30,0.6295904757531561
SMC6,1.7294622862607028
SOD3,0.004224650874272095
MDM2,1.9458392809261706
MLXIP,1.0467131983500229
ASB2,0.19791256429864373
MAFK,2.6960608607654852
ZNF888,0.048715960358572896
PFKFB3,0.44899044178842507
KIF1B,3.2654214889139372
CCDC125,0.213583983674193
MPP5,17.022973396119323
LIPH,2.311827952146919
VPS13D,0.18614445550217237
STK32C,4.015418558443456
CDH18,0.14560531724448209
IVD,2.9956020520167765
ITPRIPL2,11.017908558451175
SLC31A1,1.977877515120737
NOL8,1.7879446094953944
EZR,3.045973445410929
ALDH3A1,13.801961559051456
LIPT1,0.06347861136752403
SLC38A9,3.6481841216689754
VANGL1,22.424779550238625
VPS13B,0.06164265576252377
CEP70,2.045721572351869
SLC12A8,0.0042159124925445456
KCTD15,0.363772784242378
FOXRED1,4.636997350602041
RHPN1,2.780281398703134
PCYOX1L,0.16360505717012877
ACAT2,3.256184907354674
KLC4,2.2075880638437186
AP3B1,1.6199368017522924
DNAAF2,0.925816164464024
RIC1,0.21468175356778832
CD226,0.30002727548844
ZNF232,5.612132459105794
SNHG7,1.5684027102959868
WDR41,1.7295953656743475
SRGAP2,1.1179007464153627
TTC32,0.43329329158752583
TRIM13,1.0361977601512524
TMEM121,4.8176199325696105
WDR48,0.16828287331914876
CEBPG,1.8164754014559292
FAM13A-AS1,0.09599694046671281
MAPK1,0.9536510984455933
STEAP1,180.17728783299168
FAM161A,7.755853688534585
CS,3.5185110772703556
IMPAD1,2.592869749108487
CHST7,3.0970738118139214
TOR2A,0.4624438296391365
CCDC186,1.18978449753272
PARP9,0.1243169208147858
TCF7L1,5.245954911140538
PRPF4,3.9833715549712823
MPZL3,0.0632606810522155
NME2,11.475116857320717
CERS6,2.036322455102902
BICD2,3.3713238488955697
PGAM1,3.5849276704853503
RFC4,10.817783406152353
SIN3B,1.0319184456793398
IMPACT,0.675213977764164
AP2A2,1.852452412396405
ANLN,0.797959803588622
POLR3A,3.672342909745905
CASC9,445.0936927165193
ITPK1,0.987686012529389
DIAPH2,1.400662479109695
PIGB,0.9665784116396042
SEC23IP,1.3497778879704163
PVT1,1.2459321319987762
NT5C2,1.224060936795592
LPP,2.538625524234008
NABP1,1.2743959560948597
SLC25A13,2.7758100075007777
KCNK3,0.7047981156902509
HSBP1L1,0.6927428132529896
ARHGAP23,741.1501858102774
TUBE1,0.06674544976766182
EBPL,1.0882098110021063
FBXO5,12.681360472473125
MOSPD2,0.9062023788795305
TMEM94,0.128614725231617
BYSL,2.637277049213129
UBE2Q1,1.6834403071509203
PHB2,1.92265930024164
HSDL2,2.8115484602978973
WDFY3,5.470598197833965
A2M-AS1,0.2681450814778289
STARD10,1.7731306008786054
BNIP1,3.581000025497054
HYLS1,4.804861039339527
RDH13,0.22532736127013775
LRRFIP1,1.3589171060973797
KIF3B,4.462334843765863
BTG3,3.2265298432836325
NETO2,19.06062975642728
DMXL1,0.9138561726752168
TMEM260,0.17992185139105096
MCM8,9.69066290166415
CXADR,39.0682277993451
TIMMDC1,1.9308255619036836
LINC00624,396.159614735645
SCN3A,0.0844329987371882
PTRH2,8.55636297886563
ZNF134,2.4717105940200206
BTBD3,27.19012992272282
ALPK1,1.3988897268572098
CIAO1,2.3137019832496137
LINC01191,0.30965207730215166
TPRKB,1.0726170482581123
VEPH1,9.462795106684283
ASCC3,3.3934694026650374
RINT1,3.6750447836650033
EPOR,0.08515249235288536
CEP295,4.416266983151987
FAM53C,0.21742004858253097
ZDHHC17,0.605582619028061
ANKRD36,0.062198876919387934
NRDE2,3.516371286318161
SAP30,3.445811793011822
ERCC6L,1713.1155919635066
SEC11A,1.1104099670709957
THAP9-AS1,1.5325478300011415
FOCAD,0.10851179407335404
ACAT1,2.6871079447189574
TTI1,3.3856247176078536
FBXL20,0.10636893314788592
VKORC1L1,10.0072670829737
TRAF1,0.13222979396171275
ZFYVE26,2.426846826581064
SULT1C2,104.35183687397475
UBTD2,5.551420984289573
TBC1D12,5.9248254001240515
ZNF28,1.98195648064686
NAA35,9.001497365344786
ALG3,3.5918636660587593
ZNF526,3.067507168119823
CKAP2L,2972.992797483428
MTMR3,0.6252479651439712
OCLN,13.284402022085375
MED13L,2.4792360583632025
RNF170,3.846596919001283
ZNF787,5.193630990469879
DLD,1.6949802305971544
TEX2,0.3045758684493163
SLC30A1,1.003408914485002
FRS2,6.004208487788941
RIC3,0.13375640318428178
CBR3,1.8499566563315326
NIP7,1.667258880852868
FOXO1,0.19981371002712225
NUMA1,4.702536599542771
SUCLA2,3.5257762262493038
MICAL3,0.8060307607745709
TRNP1,0.43637693832897023
TBXA2R,0.12575377522480363
RRP36,4.552587267061925
NFIB,333.6039081909374
GOLGA6L9,0.47204470112946206
ABHD2,0.9214176960596826
LINC01355,0.07528511269044298
GGCX,1.592060322991746
ATP13A2,2.394853303644445
PIP4K2C,2.081747201329734
KIAA1549,24.393312721585517
MBNL3,1.8058749546864066
HADHB,0.890990008383497
RPS11,3.9915420911600874
SPTLC2,0.9619481401139187
HECA,0.9096616771684103
CCNJL,21.90682192059738
AVIL,0.0976681893861182
AFTPH,0.17917717082757081
TM6SF1,0.0549535403088842
WWC2,3.1639222492531447
NUDT9,3.0894754690550807
TMEM159,0.0768186551703966
GTF2F2,3.1805910871734344
POGLUT1,0.236472182182892
RAB11FIP2,0.8981919181045693
CAMSAP3,0.12612247186721628
RGS20,185.13485310426833
RUVBL1,2.8844448500168562
PIK3CB,4.275350382365954
KBTBD2,1.4106695905187516
R3HDM1,1.387561958592122
VPS52,2.6630996719586317
SENP7,0.7734168957561646
ZNF84,0.7155484842696813
PISD,0.6694477905658387
SNHG18,1.6394890835220282
ARHGAP11A,41.73608995704124
SFXN1,1.6778683193903874
FGD6,4.861569453093794
SUGP1,1.068621888405717
FAM89A,0.2903830582749744
TCEANC2,1.324226546128305
ALKBH8,2.8402588134392563
TPK1,0.15192680349042284
ZDHHC9,19.548704672841232
SEL1L,1.23491934988401
ENTPD3-AS1,0.10024615761568943
POLB,2.178093812489604
BMI1,2.248497318616559
FGD1,246.7537437934882
VPS37C,2.8559297675326563
CLN6,4.439737620426274
SMARCAD1,2.3952848735559322
IWS1,3.606061943988207
OSMR,587.0665787956129
AGPAT1,1.5909378889949375
BCKDK,2.0970495685851263
MTF1,2.8984153926420557
SCAF8,2.295827370369654
MVD,3.366282346911895
DGKH,6.575289190633377
EMSY,0.596297124151634
CTXN1,584.2701337478766
GNPDA1,2.815598546685499
ZNHIT6,2.024837867877002
HAUS2,2.07706505239316
CCNT2,3.0763517003828853
UROD,1.8448943504742479
ANKS3,0.07009879841215047
TRAK1,0.5442340592004448
MAP3K5,2.406870829115064
ZDHHC16,2.833397170844817
TM4SF1,3639.104227956744
LOXL1,7.429140216235457
ZNF276,0.6534181861458124
OTUD4,1.003039232135176
ABCA7,0.059738794999305254
GPANK1,1.6634287218205366
CC2D1B,0.1409447770509419
ARSG,0.10397247333432773
MFSD9,6.287216845252965
WRN,6.295756016625286
AMN1,5.481253029584753
APPL2,2.9349043302500513
USP12,2.0532330054430106
FPGS,1.8239410888113547
ESYT1,0.6830059603163267
DEPDC1,6589.585338394814
ASAP3,0.011992106270363938
EPHA10,0.003272295004493279
RPAP3,1.4678073011177581
SLFNL1,0.10215134674160797
GPR65,0.0621182847857655
ZBTB38,1.979462488890245
XPOT,4.973005175302779
HELZ2,0.16326621527009608
RHBDD1,0.8857381167437599
FAM98A,8.096625608294085
SLC25A37,4.988998487262009
NKIRAS2,1.137232962047138
RFT1,1.5595709992131483
KIAA1614,1.9474687971712512
RFC5,4.407313636113729
ZNF3,2.673513318519877
PLD5,0.008259503767026782
TNFAIP1,10.697089714483548
INF2,4.839197491784019
PFN4,0.06020478501547554
ZNF37A,4.126919527500764
SIX3,0.1456068795387588
MTERF3,1.2735417070315764
RFX1,3.3068842451630025
ARCN1,3.216700418766066
HARS2,0.8990192651001405
SLC10A7,4.447937055962546
CCDC74B,0.06194401787528954
THSD7B,0.0035408331571653152
THOP1,4.86868379607922
ACTR3,1.1161563681050644
PDE11A,0.04284618488285761
NUDT21,2.483512674665216
PELI1,0.5840180331364746
HOXB-AS3,0.020539047973199498
NR4A3,0.05781304659119045
BSN,0.034948044093969365
EXD3,0.203588958355559
ALDH1L1,0.026974173823278446
BCAM,64.27625170903474
PAQR9-AS1,0.06744914014256413
LRRC23,4.444682974982988
LINC00881,0.03001275860850711
TTLL3,1.3147063783675503
IL12A-AS1,4.082204888727031
PSTK,6.196154924050826
LINC01504,0.12885545761217948
ZNF566,0.060986065011704824
MED14,0.43937209340888794
CXXC4,0.0036173039960466823
CRLF1,0.008170201805378911
IL31RA,0.03849718834462212
PMM2,0.34858286617822065
ORC5,0.25250202719883685
SRP54,2.985526210991585
MON1B,1.314254164018359
LINC00909,0.17895927706625528
IRF2BP2,1.0033580228272547
PARN,3.332284915733329
ANO10,19.490512506993174
MCM3AP,0.8744320732255011
SMIM4,1.8369347214539566
CLPSL2,0.005893738994629165
DIS3L,2.469444618010186
RRNAD1,0.09926382904275548
FBXW9,7.972916309199079
NCOR2,4.744401677739608
TTPAL,0.9216204190236668
UHRF1BP1,0.7557657334696166
ISYNA1,2.8074791062263955
AC004837.4,0.011336634463150412
DLAT,3.6894426411711017
RARG,1.2138215361837235
FBXO45,2.571771152339664
TOR1AIP2,1.9887967890637646
IQUB,0.025409146982808547
KLF14,0.018830594758485288
PCBD2,3.1237723572812985
C2orf49,3.42381646334627
NAB2,0.07394607014875768
ING2,1.6294954318227581
TMEM19,0.39871838986433117
RTN2,17.024576677014863
P3H4,15.927627198562194
NECAB1,0.06118817734828633
PIR,388.6060337933751
HAS2-AS1,0.03871794484503523
SEH1L,1.4017380758624183
SERPINB8,0.5004542328802724
DNAH3,0.020386152794105727
LINC01184,3.515930180513123
USP42,5.5264263945969665
AKR1C2,0.015026198880147829
OCEL1,0.12189912481535611
SLC19A1,5.194747685205116
ITGA3,153.64503583161962
MYPN,0.004246658229141772
LMO1,0.047087502354290746
GRID1,0.06471629145297783
ADRA2A,2.7394330029236102
LARP1,4.946437256390265
PIGBOS1,2.2855685470477645
SYT12,0.0036080196963699275
LRRC32,0.1334709849792524
FAM181B,0.35230376845903544
ANKRD13C,1.705826310063956
COX18,2.3056109512998764
ADAMTS8,0.004356105749566095
ACVR2B,13.774979099318582
PMEL,0.019778159677456005
CCDC71L,2.6427597141421746
CAAP1,3.1274031729676994
PAFAH2,0.4427905357203387
PRMT3,4.242070772706448
GLMP,0.6561006829385092
SRRT,1.118163895742211
CYB5R4,0.5755933066349381
CRELD1,0.15643686215505032
KIN,0.324506802428586
HIF1A-AS1,0.09146738553612904
GALNT16,0.3153754754587931
WARS2,0.17990797505892445
ZNF839,0.29477651668427607
NIPA2,2.859619669752691
FLRT2,0.02136085265668657
NCAPG,389.0859243889465
TMCO4,1.1601344887394849
TGM5,0.05418407211027818
TMEM14A,3.446730703486815
DHX37,6.266147910616669
OGG1,0.16063689318244834
KLHDC8B,0.3245343119650179
TSPAN17,2.1298718853373106
CHPT1,0.48919191527224226
S100A3,121.49646173788713
THEM4,1.0099771826843646
NTAN1,2.5146260320014977
TMEM192,2.104302052715422
STAC,9.883512646280549
HCFC1R1,4.8272574827208565
KIAA0586,3.0007997824047994
MPV17,2.3483908872392645
SAMD1,6.64159134482467
ERLIN2,2.0255438958708627
ZNF33B,0.08071785086514559
SAMD4A,2.0164799186116085
KCTD3,11.03571702668658
LRR1,3.9799314499860685
AFAP1L1,128.19725315666776
FAM200A,7.970242565630782
MINK1,0.09839061435096616
SLC35A2,0.46986236875110265
RFC2,2.462996945415942
CRYZ,2.661413254666989
RIF1,3.438355471771362
AP3S2,5.052609142116031
CEP135,0.17023245049900168
MKNK2,0.8436743129361355
RAD1,2.6895314859636166
NDUFS3,1.362588319361199
MKS1,0.27027275116853633
SH2D4A,130.73602284866277
AP3M1,0.12621737133772234
KCNK1,2371.5404864031734
STYXL1,2.2770930367646036
ARHGAP42,0.0754211332836866
IFT81,16.143520994428165
OTUD7A,0.06368078339539363
HSPBAP1,1.5357753741324691
FBXO22,2.305227637540805
C8orf82,1.6513079767182612
CREBZF,0.6837842660458474
HSD17B8,0.5053248001538422
TMEM87B,1.4221501085386898
CSAD,0.79141481492306
TYW1B,0.04936595789961338
ZNF319,7.118425132804196
ITGAL,0.08457508319165331
RXFP1,658.3624586252055
LINC00482,0.05463390126417336
L1CAM,440.22383772302055
HIST2H3D,0.1549475702803345
CCDC148,0.013199218559250549
LINC00691,0.02426953374054869
KCNAB1,0.046319086074670286
ST6GALNAC1,0.2478050153027823
HAND2-AS1,0.038411703437998324
LINC01513,0.10299572174206403
SERF1B,0.10858319129232025
VWA7,0.04096146424511213
EYS,0.05412509568079482
MAGI2,0.18654207826781882
LINC01393,0.4280799075333894
SDR16C5,0.1434485299632757
ECM2,0.2728122286653409
TMEM262,0.043096525434558636
CST3,2.0810653637066028
PI3,0.34225799073872404
FN1,88.29700403248364
PTGDS,2.0913706642840872
GNG11,14.640788715399976
ITM2C,7.077058772750229
TFPI2,0.736336093599133
IRF7,6.366939415303656
IGFN1,0.07269367473776854
LRRC26,21.236395861591333
C1orf54,0.12787834590483485
CXCL6,0.14241336958459058
MALAT1,13.218638711878064
ANKRD1,0.8154481062770733
TMEM40,0.9679275565597426
SPANXB1,0.0027383080349275358
DERL3,15.29769012568624
WFDC2,0.6470710004385295
PLAT,226.34788458288324
KRT81,0.2983587826746294
PPP1R14B,16.043459712479137
IFITM3,3.5859569097997324
S100A2,1658.7120625756093
TXN,5.3902893736623625
CCDC50,7.189399523369421
GATA2,3.3557863615980854
STC2,0.42460275378649265
STMN1,5.095466620262056
CCL28,0.18534137073417842
ANGPT2,0.12334901819926572
FTH1,0.9878551189225678
CTTN,35.44992875891163
LGALS1,1.172801463464235
TNFRSF11B,0.2334186159289703
CLDN1,0.4250802078044579
ENHO,0.6939158919440765
CMC1,1.4076839062392685
CSF3,0.005370994312641555
MIR3945HG,0.4451214642452193
SMIM24,8.444097898195027
COTL1,1.3447802957456145
SPRR2A,0.13796194912572443
TUBA1B,2.074466652144841
SLC6A14,0.006085719142618431
CNRIP1,3.462873583172576
CXCL5,184.38749124504506
MYBL2,73.55541538366003
SPARC,1.1173688268111106
TGM2,960.9671736027954
NNMT,0.42035567959419196
KRT7,186.0372001487114
PSAP,1.0392143902655164
KLRF1,1.0531578230662708
COL1A1,8.440943477258642
DHRS2,1.1694073549107662
TK1,73.4227793663
DDIT3,0.2526074438322919
GRN,2.7108380585057947
KISS1,0.09398388538792896
MT1M,0.5492810161396121
PAEP,0.13387482802760375
IGFBP3,66.87724429227882
RPL37,3.519506817726923
ADGRF1,0.4923394596873931
MMP7,0.05604748755932447
CDH6,0.14061259224866218
EDN1,118.12810261051285
HIST1H2BJ,4.064462611305638
ALDH1A3,0.22798159173291654
CD68,1.4193063787405975
MT-ND2,4.709832455079145
C3,292.6437462376375
DCBLD2,249.37419152331884
MMD,5.011311996621565
CFD,0.5997691906151327
EDN2,0.002697803469878119
HIST1H3H,0.467663908570785
SAA2,0.10852310073398325
ACTG1,2.0005883311944155
CALM1,1.636789767773237
ITGA2,297.58542597391556
S100A10,1.9393794017551413
HLA-B,4.539015923379675
GDF15,69.73179651679851
MYB,1.148667841652806
S100A11,1.0770855269231958
CDK12,1.4034228958289858
SPIB,3.489094416699688
BATF3,2.0925344994518515
RHOC,1.9440781653200117
LMNA,9.261364056065819
FBXO32,1.4376729133583914
HLA-DMA,1.0634556084581088
GSN,2.8645054677962816
STXBP2,1.028272875342679
MAP3K7CL,0.20246174925114166
RASSF5,0.13483615461816179
CRYAB,0.004371317366890491
GSTP1,1.2390673564696433
WFDC1,3.1449867208047486
SPINK7,0.1177677275859198
KRT17,0.0672389189501177
SNX3,1.2681401160111394
ALDH2,0.4707715370705442
HLA-DMB,0.9519342182493776
IL1A,3298.683170764437
SCG5,103.77909996898285
RUFY1,1.0925478573972383
GNAZ,0.4303624338548797
BGN,0.25308105922918545
ZWINT,30.14073145163759
TXNRD1,9.083462289747963
SHCBP1,38.52412801426113
DUSP2,0.6771199531639531
TUBA1C,14.907615913335126
RARRES2,0.1496044071738495
EGFL7,25.447247622529375
SDC4,102.42824401230634
HOXA9,2.808362225613172
CP,134.7829466075383
SUB1,2.1533209650337835
KRTAP2-3,0.10505126832703507
PKIB,0.30118719819627743
LAMC2,0.6059448971090684
TM4SF18,0.043094542887193166
PRKAR2B,2.1687585168022676
LIF,109.15643109496794
MAFB,0.2578000797696785
SPINK6,0.01188875193884465
FABP5,6.084723975368231
BANK1,0.4011332341945383
MYDGF,2.873240598809797
PXDN,365.8245942506239
ITGB8,0.2904676099272255
FHL2,28.884931758698652
CAPG,3.1041647766822553
ZNF114,131.33239395735657
RSRC2,1.8580044125203243
ARL6IP1,2.681171626123062
TMSB4X,9.998178519603936
EEF1A2,250.61504022186335
PCDH9,1.4316650508808846
PPME1,6.240118726080453
RTKN2,0.6096640635563505
RASD1,16.09651418582788
FILIP1L,2.1303404403716457
CTSZ,2.003803214018826
RHOB,0.7096043121788731
CALB1,0.7506680117150235
NDRG2,0.16550989284497358
APOE,174.11561689756064
RPS29,1.307970718566269
SLPI,517.7837245491517
MCM2,21.090228807409993
PLBD1,0.35663960640739023
RECK,1.5552654852889827
KRT5,4.845361586727702
LY6K,83.94702359377658
CA12,0.06379522781119842
GFRA1,0.13972987077918642
MACC1,131.44028583272075
RAB32,1.427895552103752
ANXA1,1.7616091174410284
ALOX5AP,2.0506448837020668
BNIP3,2.762879177788891
PGF,2.4979255261403197
SLC34A2,0.08311197777439736
TNNT1,15.617948537884494
CD33,0.17134978485497218
NRARP,52.962067625723
SLC40A1,0.3805170567965023
NCF2,0.6919813572185578
CTSH,0.7361881220553806
H2AFY,2.597166657543633
RNF183,0.003669944648293191
IL1R2,0.3491875818873557
GAS6,10.449378152217994
STC1,0.1366486332116309
MFAP3L,22.873461111998232
RPL27A,6.434925824275971
MACF1,1.9568178560127456
SPC24,92.17509994425731
