,feature_importance_vals
ESCO2,161.34394113877062
UCHL1,81.58912228862297
CCDC80,77.02733105165396
PLAU,62.57173318973319
TM4SF1,57.95869779023836
HIST1H3B,53.86671121295819
HIST1H3G,51.92598179232612
MELK,48.92192650452688
FGF2,47.75864227167012
KCNK1,47.5631106950221
ANLN,42.03381260375834
NCAPG,40.36143586636072
PPP1R1B,39.899500565049166
STEAP1,39.443613818442685
ERCC6L,39.26519872767306
CKAP2L,39.03678684593537
ZBED2,38.13964058593407
TINAGL1,36.15462590998835
SPC24,34.94002617120487
PLAT,34.53919560048297
ITGA2,34.031620492261666
S100A2,33.392880284306415
LHX1,32.095295389637684
GPRC5A,32.059781016595
SAA1,31.982642335144046
PBK,31.745445341593292
LAMB3,29.94918456611612
TGM5,29.450999218316912
CTXN1,28.29395084003454
EDN1,28.22718016365486
TRNP1,28.033807042698566
MMP1,26.70851439729126
PFN4,26.529972114608576
CENPA,26.211306486536905
LINC00624,25.7729509848517
GNG12,25.656707714255486
AHNAK2,25.191106868357807
CASC9,25.02885977853919
UBE2C,24.706996700073546
CABLES1,24.62146874704626
DENND2A,24.591736629397126
SLPI,24.38618795221046
FJX1,24.350475032199963
FERMT2,24.331023860122933
DEPDC1,24.111658127910925
SMIM22,23.919986607911845
MFAP5,23.500101662053186
TGM2,23.232700245972392
GRB7,22.335783552017208
CDH18,22.329375929823005
CST6,21.54024244760069
AP1M2,21.335192767711188
DLGAP5,21.268161523256627
SEZ6L2,21.123417301278884
CDC20,20.461212229152896
CHDH,20.455282684877268
EEF1A2,18.725982437597136
FGD1,18.662114999383686
ARHGEF28,18.491159595089695
NFIB,18.151114335053688
ZNF462,18.140741013108737
TPX2,18.032380159159427
TMEM125,17.78340528923479
BDNF,17.71753750504257
LAD1,17.404423122791528
CXCL5,17.138057988740794
FAM171B,17.003548818249246
GPX3,16.978399437812158
IL1A,16.958627861024773
CASC19,16.2921165078962
SH2D4A,16.236599754661352
CDCP1,16.235624151649883
S100A3,15.800442407260435
PLK1,15.619165223416289
CAMSAP3,15.498181093669999
F3,15.436272886279609
RAB3B,15.396634599929287
C3,15.375959629137139
INHBA,15.269071318760995
BIRC5,15.10250552203882
ZNF114,14.781167578012152
TOP2A,14.703641767414942
HMMR,14.412274749935445
CCNB2,14.267108295321561
RRM2,13.565332762921363
DCBLD2,13.51234710599576
KIF14,13.402753511080428
PGBD5,13.365656087949233
RIMS2,13.194284299693232
CRNDE,13.034472274202004
CDK1,12.95113306972348
TMEM178B,12.933203408496663
MKI67,12.808655338694528
L1CAM,12.761158871267604
SCG5,12.646099095631149
APOE,12.579177811787018
MACC1,12.406651024684832
TYMS,12.249533916845754
MYRF,12.149197844850626
KRT7,12.143195722773255
SULT1C2,12.120899743888257
TACSTD2,12.09146592375975
PDZK1IP1,11.911526929679184
ITGA3,11.397017504276233
PXDN,11.35792430395655
THSD7A,11.260803456946036
TK1,11.06123673834394
PIP5KL1,11.000170983229536
FN1,10.79342887625163
AURKB,10.73393838000344
AXL,10.715746160727281
CDT1,10.640664575099128
ERVMER34-1,10.418891884333016
TRIP13,10.407168960213967
MND1,10.405124606039738
CLSPN,10.379018046593933
MNS1,10.311403870893455
PAQR9-AS1,10.297078542957378
CDKN3,10.149953064560151
CXCL1,10.13586564950804
HOXB-AS3,10.110650423207941
IFI27,10.039641779111196
ARHGAP42,9.967883964670527
PYCR1,9.67488228915276
AFAP1L1,9.404509735718579
SDC4,9.39208308478313
MIR100HG,9.379317109787392
CENPF,9.333773452469664
MCPH1-AS1,9.249742666996369
DTNA,9.109739048643648
NUSAP1,9.001632072979756
CCNA2,8.905932531367911
DMKN,8.840688775593216
C15orf48,8.752037196127338
CDC6,8.708880703503786
KRT18,8.683975583224353
FMNL2,8.67442587302924
CCND1,8.641921176736249
GDF15,8.591579639719118
SDC2,8.576519946609695
VANGL1,8.533332374969197
TXNDC5,8.4952138579424
BHLHE41,8.346336143127738
CDH3,8.326988179880658
IGFBP3,8.3230891494448
CCNB1,8.303030779890634
TRIP10,8.262015119499553
HIST1H1B,8.070710571563328
APOC1,7.923275561687023
MSLN,7.919137409762839
SAMD12,7.899138915160519
CBX2,7.8514686244467065
MIR99AHG,7.818727454233707
MYBL2,7.790162383334094
ZNF888,7.685562808756373
CENPE,7.6557610979774635
TNFRSF21,7.62226358095738
PDLIM4,7.551275336257088
PMEPA1,7.5218452260158735
NT5DC2,7.478912635020906
HIST1H2AJ,7.460966603111063
DMC1,7.442928027572598
MYO10,7.314533308503825
CTTN,7.2134603157906145
EPHA2,7.200192676792038
DTL,7.1879441422715695
JSRP1,7.183125077091278
HIST1H1A,7.130797569257069
ARHGAP11A,7.118682664799062
QPRT,7.025914139825171
LIF,6.897627980922125
KIF23,6.8776680003569
FHL2,6.749163024247792
PEG10,6.711073791248912
CP,6.663298501542004
LRP6,6.625814362907633
PRC1,6.495120166170403
PSAT1,6.492406118222047
SYCE1,6.456185954372067
BCAT1,6.3846484940033585
EGFL7,6.3383030595518175
IER5L,6.282771727612396
CDCA8,6.259031929162498
TGFBR3L,6.12434561057503
HACD1,6.090953594545915
TTC26,6.077885691774267
ITGAV,6.076490522086269
SLC7A5,6.076345635600561
PHGDH,6.07329702128961
LMCD1,6.0590536891330835
SHCBP1,6.042547092373425
LY6K,6.010222905915819
NFIX,5.993425434915947
PLTP,5.952045759428307
ENAH,5.944487032943502
LCN2,5.942320379016799
THBS1,5.9264226643580535
RHOBTB3,5.895321339340783
PIF1,5.868004122963201
ERBB2,5.783904241595911
BEX1,5.647150382379204
GATA2,5.62603827177521
PRR11,5.613516393335282
SMIM24,5.613081496325706
STAC,5.60026605540086
NEK11,5.525924164911567
CENPU,5.505972376846372
GNG11,5.43204654887007
ZWINT,5.402089580721805
PCDHB5,5.385578349560847
NUF2,5.383600542118313
MARVELD2,5.382213811211647
KIFC1,5.354354273623543
ADGRG6,5.354272153573337
KIAA1549,5.326103582411388
CDKN2A,5.319762491462328
MT1E,5.290455735913767
FSCN1,5.283925186091306
CD70,5.25609683162681
SPDL1,5.244480682815601
CKB,5.230121085781942
RASD1,5.219739781465695
MGLL,5.188634327666899
MROH6,5.12967410456392
PDGFB,5.128465322665929
TPM2,5.105391845040079
ATP1B1,5.09689620947976
RBBP8,5.038956707879292
MCM4,5.024052532598756
SH3TC2,5.013234186235893
RASSF6,5.002917361292694
FAM114A1,4.974334897617054
P3H4,4.935347272856242
HES1,4.903020881377131
PALLD,4.900488321202011
CCL20,4.893566537909261
PSPH,4.796578807236165
TUBB6,4.7760259169488934
BCAR3,4.762734265809655
NDC80,4.752152886551872
FANCI,4.737026520638604
CRIM1,4.726589719276885
IFT81,4.705916307370564
IGF2BP2,4.671737017149809
PLK2,4.664633341535507
DHFR,4.654295070322922
CD3EAP,4.652992613885372
FAM111B,4.643670391255469
HOXA9,4.620072286296008
NDN,4.613425123287804
HIST1H2AG,4.612836240156717
FKBP1B,4.604907268689104
SMOX,4.517711097579031
LTBP1,4.5026677463699265
TMEM97,4.481182931879665
MUC16,4.390367603047554
KIF1C,4.382910525835715
RFC3,4.367735552047379
ZDHHC9,4.362994081308844
ALCAM,4.348433641496244
MCM2,4.313432863836302
SLC26A2,4.311923700396108
SCOC-AS1,4.303991759083758
FBXO5,4.2793396943058175
TNNT1,4.26360907990888
MPP5,4.25844202744492
RAB13,4.24635253643492
MYL9,4.241943210098681
NETO2,4.232612649455953
CCNJL,4.2068156731428825
ADAMTS1,4.19875456425263
MYO1C,4.197539654254896
SERINC2,4.176469153977088
PAPSS2,4.169673536220948
SPA17,4.1669947338723485
AMIGO2,4.128928751272079
FLNB,4.126749566206158
ATAD2,4.089090318535418
ANO10,4.065954709606027
C2orf88,4.0489456734447105
HS3ST1,4.029093803486868
KIFC3,4.003810057931441
ITGB3,3.999737591493203
MORC4,3.972737719781242
WNK4,3.971138183660082
TUBA1C,3.9625193880242877
HBEGF,3.940628776510491
RFC4,3.9215741013307253
TMEM158,3.9147218123552903
EPHB1,3.8964813516602206
RAMP1,3.853960767029934
PHLDA2,3.8504430742278397
TMEM98,3.8486750569774526
PTTG1,3.8028533238980597
CNRIP1,3.78384921537712
IL4I1,3.7742358588150418
B4GALNT4,3.7699965575779015
MSRB3,3.7663222204375617
ALDH3A1,3.7657613650205652
CKAP2,3.737784662899275
RAD51AP1,3.735616654865483
NEXN,3.7347701124794233
DHX33,3.7309868766836347
HELLS,3.7020176476328994
PHLDA1,3.688751551200151
PIR,3.6857288278775497
TFRC,3.6687115914813258
SCRN1,3.657547993606668
TAGLN,3.650093137057272
CD24,3.6416269692062335
FAM200A,3.6415237051537845
GAS6,3.630000616813187
TLE2,3.621394735724989
POP1,3.6179413289380697
TMEM40,3.6096156355359437
RCN1,3.5905420528329004
GSTO2,3.575525284994488
FOXK2,3.573129782591724
MFSD9,3.5620319432989223
MYLK,3.5598814101842
NME2,3.5558784408548356
MYOF,3.5555075305996184
MALAT1,3.534587793272183
NCEH1,3.52826592405715
KCTD3,3.522805416842205
CLGN,3.51180591380234
COL1A1,3.4906013794385222
TIMP3,3.47592432489953
CD9,3.4682238558586733
PON2,3.4365478446733757
BACE2,3.432060202027971
DUSP4,3.4266128711355646
RNF217,3.420398048993415
PPAT,3.4050867139045833
SBF2-AS1,3.398326313373488
ZNF185,3.381619705809283
P3H2,3.367852577928623
HIST1H2AH,3.3551492945174584
PTX3,3.326118511918553
TSPAN18,3.317940801334593
LMNA,3.308493881222815
ITPRIPL2,3.302708360034266
NAA35,3.270546621731227
KPNA2,3.270020974061322
RTN2,3.2634339768765543
NANP,3.2618407102648397
PHLDA3,3.2584659365505533
PRICKLE2,3.244276672765462
SPINT1,3.2427424641837908
CUEDC1,3.2325851273381647
EFEMP2,3.2257587586746017
THSD7B,3.1995971786024904
TNFAIP1,3.194897090725101
ALDH7A1,3.190374544627227
PAWR,3.1856179989836475
NT5E,3.185220346003919
FBXW9,3.180763767783213
JUP,3.1783497937264134
SERPINE2,3.1741634716885807
MIR193BHG,3.170865193013983
VAT1,3.1597265301527204
IER3,3.1591713946098325
CLU,3.1517642518602584
SLC1A5,3.1484951207837004
CDCA7,3.146013261163765
STAP2,3.1402242676536467
SYTL4,3.1286009623025826
KNSTRN,3.1210998233365332
CXADR,3.119513793951374
MDK,3.1109773102333023
ZFHX3,3.109323276806314
SPON1,3.1043747418961734
LIMA1,3.0849932602008425
TXNRD1,3.0811952574372556
H2AFY2,3.079326229739362
TST,3.078884816088309
DST,3.0725585548546244
PPP1R14B,3.0513652297417178
SYT12,3.0446797568443404
MAK16,3.0444462186742087
ASAP3,3.041855292358982
PDCD11,3.041635816954763
RPL27A,3.0354490139412746
TIGAR,3.0306103877936956
SNAPC1,3.02811661135396
ZNF319,3.0175743197495284
PSTK,3.0141395830935047
ZNF503,3.012733391299119
CDKN1C,3.011610497789938
COL5A1,3.0000376098608403
ST14,2.9995409662604255
FNDC3B,2.995123040996787
PGAP2,2.986543425216641
RNF157,2.9830010447785504
TARS,2.97768783436328
GNAZ,2.9690922166226015
PTRH2,2.968147094218116
HIST1H2BJ,2.959259533616832
AP3S2,2.9581374571948387
HGD,2.950257785418379
CTSV,2.9498897593829523
SAMD1,2.943118312547534
TBC1D12,2.9318972895717654
ZNF618,2.9291871966286536
PLXNB1,2.927662732401585
CA2,2.927596433715827
DGKH,2.922963989897666
ADAMTS8,2.921724794483555
CALU,2.918896789820361
ASPHD2,2.9130047536936536
EXOSC4,2.912924977068314
SPRY1,2.9054196996154147
MSH2,2.904554192003576
VEGFA,2.904164486316046
CKS2,2.8990622183998735
FRMD3,2.886477974822192
MYO1E,2.8811591257166547
NOP16,2.8798959499640673
TMEM231,2.877095881012929
BCL2L1,2.8752724245061008
SLC19A1,2.874689240508408
EBNA1BP2,2.869896076192229
THRB,2.867198826963321
DNAJC25,2.8594989988620845
NFE2L3,2.858547322579474
CFL2,2.853430450874174
ID1,2.8467053847052943
MAP7D3,2.8462074311509906
LIPH,2.845704556906551
FAM98A,2.84460300960451
SOCS4,2.841837361326075
MITF,2.8416043913500695
SLC20A2,2.8347880105349947
WEE1,2.8323524265709468
SOX4,2.8243188180350773
NPDC1,2.822207104848119
SLC16A1,2.8106811098101065
DHX37,2.805787342393512
PTPRS,2.789826739219932
REEP3,2.7699785957067276
SHD,2.7685074551996323
AHCTF1,2.768198712561304
UBE2S,2.7669455274717745
MCM7,2.762848076890068
ZG16B,2.7443415527917767
MCM8,2.737160172968148
ITGB1,2.7344741884849
SNHG18,2.7327452139877564
MMD,2.731604175859996
NRIP3,2.7175317409727806
KCNQ1OT1,2.7025762595737657
ARHGAP18,2.6987515222716656
RGS9,2.6900574286943133
PAICS,2.689460738657943
FAM161A,2.6823564566340345
CCDC34,2.680210526323215
LTBR,2.679330646445319
USP42,2.6790800512520514
CETN3,2.6784654297290467
FEZ1,2.671381801971838
HIST1H4H,2.6669143106593145
RPS23,2.664908090799031
HERC5,2.6626614403770836
ELFN1-AS1,2.662639145025212
MICAL2,2.6593037903973054
CLSTN3,2.6591983193861326
UGCG,2.658195628965419
ZNF787,2.657894689249601
SPARC,2.656970813944
THOP1,2.653441042163767
COL6A2,2.6477875052430884
LGALS3BP,2.6245986963431043
EFNB1,2.6168951890031615
TGFBRAP1,2.615845659210298
LTV1,2.6155361856176156
STMN1,2.6144933488349262
RPL37,2.6055904038804534
MCM5,2.595371866347512
SVIL,2.592142198605975
TPM1,2.591912459872553
CPM,2.5870944883027223
PFKP,2.5841472724984165
RIN2,2.582510073834159
CDC42EP1,2.581967310709884
POLD3,2.580110027392079
HCFC1R1,2.5793936209189923
PPME1,2.5711476394600803
CD38,2.565685956705255
MFAP3L,2.561718354547841
PCSK1N,2.5604494543784004
LYPD1,2.559678496617849
FANK1,2.557118565418682
WRN,2.544238441837366
CYP1B1,2.539610674147356
BASP1,2.539114738007037
NNT-AS1,2.5325938547607754
AP1AR,2.53052837464066
MCM3,2.530149627174231
WLS,2.527227209242515
CHAF1A,2.5263255930585395
TRIO,2.522904750142658
MT-ND2,2.5199603946488645
LMO4,2.5137358726919268
RRP36,2.503108261094881
IFIT1,2.5016349259396833
PDLIM7,2.5002428649378436
DCLRE1A,2.485912721783713
CHST7,2.4820347547678563
CDK6,2.481781890458965
PLIN3,2.4816466093373064
HES4,2.4699285725773485
F11R,2.468768898862706
MACROD2,2.4678029854055668
UBTD2,2.4611726793337745
RARS,2.4565105412186674
KCNK3,2.453108141400341
BAIAP2,2.450044549768289
STK32C,2.447766393002018
CSPP1,2.4472892192175664
CEP70,2.4378897341190706
VKORC1L1,2.437749601681179
MYB,2.4339540809709925
CRIP2,2.431111849566116
NRDE2,2.429175145882649
RANBP2,2.426642104509319
H1F0,2.4243511992111677
DSC2,2.4202563935240593
NET1,2.419432241115103
PRPF4,2.4186320612857766
CEP162,2.4097809372515306
PRKAR2B,2.4086952860324744
NME4,2.404596830250723
TFDP2,2.4043770913708373
MRPL17,2.400592125672942
GOLGA2,2.3974159997656592
GTF2F2,2.396484085021041
SLC25A37,2.39640887568307
IGFBP7,2.392250157906759
FGD6,2.3912875086953793
HMGN5,2.38388556256683
ZNF513,2.3786065557418232
CASC8,2.3781071471806894
DNAJC9,2.371998159941604
RPS11,2.3583903733575156
DUSP14,2.3555369704303804
DLAT,2.345767481552792
ICAM1,2.343314471228791
PGAM1,2.3423855022442828
IL18,2.34206273219151
FABP5,2.3324467030434923
AMN1,2.332029286114879
UNG,2.325224682874122
FOXRED1,2.3249782753683292
LINC00467,2.324563519390247
CHPF,2.3178754738084697
RAB34,2.317582978852557
FOLR3,2.313478455416707
TEX9,2.313398705580752
EGR1,2.31169037360527
CEP295,2.3009937839908834
HLA-B,2.3000648374223234
BTBD3,2.2962065151101156
MED12L,2.292637138383311
EREG,2.290006918079289
FRS2,2.284649978731682
TPST1,2.2771230263276725
CMSS1,2.2760527041482805
SRPK1,2.273289136088781
MTHFD2,2.2707452684657268
RBP1,2.270051128008431
RCAN1,2.268678747147118
TCF7L2,2.2654267031524484
TMSB4X,2.264097917072945
HNRNPAB,2.2614914982912877
CRYZ,2.2601126818259387
HMGN2,2.2549180907936153
INF2,2.2515357484662646
HCCS,2.251529535742256
LARP1,2.250740850584711
UGDH,2.247083649953814
PNPLA3,2.2434073899386364
SLC10A7,2.234754795506282
ARFGEF3,2.2309015207374414
IGFBP4,2.230056478523107
ADRA2A,2.227654576543522
ALKBH8,2.2250041272587064
RELL1,2.2230073565412116
RUVBL1,2.2214809395060686
AKR1C2,2.2200341507631327
OAS3,2.21637104672761
NASP,2.212495829736572
FBXO2,2.2123732034014427
KIAA0586,2.210638262898145
TMEM144,2.2074334879276654
LDLR,2.2021044392000464
PCDHGC3,2.2006349216947356
ISYNA1,2.19534127548795
ALG3,2.1916426229310972
YWHAE,2.1835443606023706
ENDOD1,2.1814742288554894
ALKBH4,2.1806271395972026
RXFP1,2.1782542505659652
TPM4,2.1775095370576882
SLC38A9,2.1744844106958405
ARSB,2.1660665002917776
SLC1A4,2.1625765365289364
ITM2C,2.1592059426140064
SLC31A1,2.1545051300953544
SEC24A,2.154367123137777
G0S2,2.1530701630114315
PCNA,2.1524122613614862
ERLEC1,2.1517561388747333
SWI5,2.150515948175728
RPLP1,2.1500733916465418
ELK3,2.1480744324004073
RINT1,2.147171616040955
S100P,2.145305704735855
LINC00691,2.144069861200059
HIST1H3F,2.1379406789732656
SURF6,2.137760694868958
IKBIP,2.1373979270830104
SORD,2.136262586139917
ASCC3,2.1344555299166874
PLCB3,2.1318838533323885
UBXN7,2.1256614089502697
ZNF37A,2.1173698282409714
SYCP2,2.1155671448493183
DAB2,2.114412936993251
NUDCD1,2.1129881888154185
DENND1A,2.104032960121023
GSN,2.1024857061520805
KLC4,2.0952789601566497
APPL2,2.0931984545066
APOL1,2.0907392541667846
SAV1,2.0828142474013256
CS,2.082770383760193
HIST2H2AC,2.080778009953663
ATP2A2,2.079700479264673
ID3,2.0792357263896366
NCOR2,2.0781874473046265
TTC39C-AS1,2.0732959462671103
CPSF3,2.0721842867836378
TXNDC11,2.07124443894075
CCDC71L,2.070310767576905
AHI1,2.0677383857021345
PKD2,2.0646223450918155
CCDC50,2.0628782985476644
C2orf49,2.062746017271577
APP,2.061665655116495
MARCKS,2.0582881550180074
PIK3CB,2.057893638121478
HIST1H1D,2.057686706064478
CD40,2.056812415577177
TYW3,2.051655734736209
LRRC26,2.050691300280895
DBF4,2.050472288622785
BCAM,2.046848051410458
PCBD2,2.0440651567147037
CD82,2.041146670111243
NTAN1,2.0403470335015297
DAPK1,2.039979167958631
NID1,2.039108893138848
FBXO22,2.0374005325342663
MTFMT,2.033025587221303
IWS1,2.029470630550828
MVD,2.027420448258199
HIST1H2BG,2.0272605971677735
FAM3C,2.0247098503853125
ZNF134,2.0242012594849608
EZR,2.022410236659032
HIST1H4C,2.019316595224292
C12orf75,2.0183619042495664
ACSL4,2.0165744306351203
BNIP3,2.011355261338678
TSC22D1,2.0083123181835227
CXCL16,2.0047456046558727
LRRC75A,2.002710776219956
SEC14L1,1.9999698240518768
CLN6,1.9962290031485
EGLN3,1.9953519529069703
ACAT1,1.9944788087292518
CDC73,1.9940597215930425
TMEM14A,1.9913236723584924
FBXO45,1.9897645196244331
CTBP2,1.9895359842866114
CALR,1.9869708745990642
LARP1B,1.9864865032980452
POLR3A,1.985863640142784
PRMT3,1.9836584901862917
PDIA4,1.9805005325122484
LINC01184,1.9797261105784745
GARS,1.9773382250280125
ATP11C,1.9728952698824993
CCNT2,1.9686507869397583
ANXA4,1.968447178350699
SESN2,1.965274477231904
ZFYVE26,1.9642498059950046
NUMA1,1.962975092569194
DPYSL2,1.9592295863125202
SLC16A3,1.9583990139751417
TRIB3,1.9571734717120517
MRPS28,1.9548314940587876
BTG3,1.9546201958467462
NRIP1,1.9540587709120434
BCL2L11,1.9529450164165245
SEH1L,1.951711156858185
DUSP5,1.951443267858641
HDAC6,1.950810490693151
SPECC1,1.9499024164946293
MIEF1,1.942850892408961
SMAD3,1.9377819283080535
KRT5,1.9353251878056599
VPS37C,1.9328138481324064
RFX1,1.932256492764177
BNIP1,1.9322496386960923
EPRS,1.9280401757413919
SAP30,1.9249383166497196
STXBP6,1.9249120168933034
FAM160A1,1.904898981208701
MAFK,1.9034399619427702
ASAP1,1.9017029046892384
SDE2,1.8987291445423973
DERL3,1.8971635658881527
KIF1B,1.896227940268908
TUFM,1.8956328862557754
RPS24,1.8947400289136416
ZNF28,1.8908614006215219
TMEM192,1.8890655918591888
METTL8,1.8879132849261908
MIR4458HG,1.8847978827076097
ZNF526,1.882774250694714
GMPPA,1.8780023974272155
RHPN1,1.8763182392199158
GNPDA1,1.8718679160752718
HIST1H2AC,1.8698510388109943
MSH6,1.8697719107213373
DPYD,1.8689249668161432
RIF1,1.8684804534245192
DNAJB11,1.8644310484070445
RNF169,1.863506049850113
PBDC1,1.8625717281532386
DUSP3,1.8621075900197253
GART,1.8569003054044517
TGFBI,1.8557273344487515
CERCAM,1.852993128799705
NUDT9,1.8510591836348707
SUCLA2,1.8501669820381454
MT2A,1.8501023876973608
GCNT2,1.8475724502313615
PIP4K2C,1.8429183247543592
UBE2H,1.841710943284958
USP28,1.8412247372539703
CPEB2,1.8410172161703953
ACER3,1.8397164979065395
HIST1H3H,1.8383291056908966
HM13,1.8366475561462587
TSPAN33,1.8362055920521863
MANF,1.835543545343131
DCTPP1,1.8345992901029828
SRP54,1.8345407773673452
MTF1,1.8322357977380883
GGCT,1.8321439841193963
EIF2S2,1.8307595248562571
SRM,1.829756005543383
SEC11C,1.8293239487431723
WDR76,1.8261133971575685
IFITM3,1.8229052605454288
PFN1,1.8186047435738728
ADAP1,1.8176105500555073
CBR3,1.817031349692841
SRC,1.8168933530663134
SMARCAD1,1.8155794257983966
ANTXR2,1.8145873930353507
ATP2B4,1.8133117119837305
KDELR2,1.8128646121989451
LRRC23,1.8127364168127815
CTSA,1.811740025829447
AP2A2,1.81105715074426
VMO1,1.8104121433307487
ACTG1,1.809657848469407
ATP13A1,1.806225553638651
OSTC,1.8060364355431207
NBN,1.8056685114315951
SLC25A13,1.804641590630679
ANKRD13C,1.8037964286508121
SERPINE1,1.8019966120565036
HSPA1A,1.8017104176297647
PPIF,1.8008498090136422
CCDC28B,1.7958915205279318
GRINA,1.7948637984989142
LIMK2,1.7942926627768232
CRYBG3,1.793653891718908
ZBTB38,1.7929901082663218
MAP9,1.7915509928433417
GNE,1.791475332106371
TRMT6,1.7887541713483865
NCBP3,1.787178467724258
NUDT21,1.78702591764976
DAAM1,1.7860933204192302
IMPAD1,1.7819706100979287
MT-ND4,1.780418570200773
MTMR12,1.780019025457872
CIAO1,1.7768031389069243
HMGA1,1.7766165867160608
SAMD4B,1.7764670793832187
TMA16,1.7750653170191366
SLC6A8,1.7739992620345568
NOP14,1.7736134887498356
ACAT2,1.773564707431964
ADI1,1.772948735783036
PRSS23,1.771981207298954
FANCF,1.771082135321216
PPP1R14A,1.766019800860469
RPS18,1.7647733774167085
WNT10A,1.7647707490207913
H2AFY,1.7616260880983066
TIMMDC1,1.7611254302306008
TCEANC2,1.760528003140438
ZC3H12A,1.7593878487153798
P2RY6,1.755919766419232
ATXN10,1.7556515335312608
GK5,1.7554714440420318
RHOC,1.7534851172603578
ACTN1,1.7523148591276696
UROD,1.7519839042084768
SAMD4A,1.751198557676271
CEP78,1.7510130702578757
FARP2,1.7505552583647679
NIP7,1.7490041595150576
BRI3,1.7439022207135935
LIG1,1.7382458583344973
SSR3,1.7355456571381538
TET3,1.735269064555226
UBAP2L,1.7335386016089966
MAL,1.7330475720109995
AKR1C3,1.7328592097867195
MFGE8,1.7328562885515713
SEC61A1,1.732854971542085
DLD,1.7304519035524015
HIST1H1C,1.7280219644895511
LMO7,1.7274605487732302
CMIP,1.7271774154220483
CDV3,1.721477377905874
PLOD3,1.7211649677939451
BYSL,1.7195650930500697
STARD10,1.7166545345332898
HADH,1.7165025726920111
AKR1A1,1.7139395175258374
MOB3B,1.7119730735316714
MRPL1,1.7118685848125912
NREP,1.711774269128021
CADM1,1.7116926251884708
CEP152,1.711638135661893
COX18,1.7107047915115656
MAPKAPK2,1.7094594817619866
SNRNP25,1.7039379474179768
STAMBPL1,1.7027954420175726
CDC42EP2,1.6994765950426314
RPL26L1,1.6976625109963563
SNHG7,1.6961852997998597
BSPRY,1.69570174274709
PM20D2,1.6930854354771354
SPHK1,1.6926612253824325
NIPA2,1.691155462431256
KYNU,1.6906300253718956
ZNHIT6,1.6897866813306792
CHST2,1.6890934374213864
RNF170,1.683032904719918
WWC2,1.682830847145324
RECK,1.6802786441636641
LIMS1,1.68019874850205
ALPK1,1.6764420454464761
ARL6IP1,1.674267970204685
XPOT,1.6729053508389904
NSMCE4A,1.672828564305514
ODC1,1.6721488194687284
IVD,1.672092499470283
GGCX,1.6687218901575045
LPP,1.667786632723811
BET1,1.6631139142117577
SMIM4,1.662556303382118
ADAM17,1.6604173082295366
ZCCHC2,1.6566983812171712
ESF1,1.6557270785621478
TPRA1,1.6505133043251126
CHEK2,1.6503618147057686
FAM162A,1.6482432028503873
GADD45A,1.6474014949345512
DEK,1.6469371697295807
TXN,1.6469025480437391
EMC1,1.641703835115147
SFXN1,1.6397687359007975
MYDGF,1.6373354379469804
TRIM58,1.6372516640161525
PABPC4,1.6327265332385243
ENHO,1.6316539103058647
SLC39A3,1.6306840518578563
PADI2,1.6288812758357891
VMA21,1.6287039530808358
MRPL27,1.628271927609034
NOL8,1.6267737658849541
HAGHL,1.626695768785943
HSP90B1,1.6258908378909176
PACSIN1,1.6250137189213416
SQLE,1.6247017127696652
BCL9L,1.6223364732090872
FGD4,1.6216666469290433
NOG,1.6204591183742876
IDO1,1.6124435432609883
SLC20A1,1.6112018068554355
MDM2,1.61102327275748
CHD8,1.6098991958013908
PIGBOS1,1.6088026714656285
PPIB,1.6083215014462426
PRELID1,1.6083139985577075
RFC5,1.606766397220773
WWOX,1.6060517351035182
CDR2,1.6060003881594325
CCDC148,1.604828591502847
PHTF1,1.6004063977717644
RPS29,1.6002674394821812
HEXIM2,1.5994708667959627
PDIA6,1.5994310156328024
EIF3A,1.5979245022782915
DNAJC10,1.5976098158810015
TLN1,1.5962306557407946
CDC25B,1.5954127056007088
ARCN1,1.5945051212746226
CTSB,1.593073386535749
PARP14,1.5914961551762246
R3HDM1,1.5911911672780497
ZMAT3,1.5906881536319208
TACC3,1.5905539285289587
LPCAT1,1.588704827515456
SUB1,1.5886587500015827
YBX1,1.5868400930062418
LDHB,1.5865296319197624
ZCCHC8,1.586251169322168
RNF168,1.5841221185405414
LRR1,1.5829548701820242
BMI1,1.5821630528698334
TMEM87B,1.5814431262380966
YBX3,1.5810045580036416
PHB2,1.5801807790427522
DIS3L,1.579998253603443
PGF,1.5797430680500681
HMGCS1,1.579672059703444
SIL1,1.5791520732216309
SND1,1.5784011232864414
ADAM15,1.5755002105470963
MPV17,1.5742275038000133
KITLG,1.5726848012233856
CANX,1.5722781875626406
SDF2L1,1.5717375469751402
CAAP1,1.571666020080407
RUFY1,1.5714687296082444
CTSC,1.5704384253633408
EBPL,1.5665275539219552
POLR3K,1.5663325058939728
SNHG12,1.5658059955602426
CUX1,1.565173543604755
TSHZ2,1.56495742734365
KBTBD2,1.5646143100030656
TPRKB,1.563793604310321
TMEM14C,1.5634988731504678
LUCAT1,1.5630413867264756
CAMK1,1.562812903435351
TOR1AIP2,1.5613160760176767
RAD1,1.5608973481403194
RPAP3,1.5596970903996301
JUNB,1.5596395562350789
THG1L,1.5571754103990112
VPS52,1.556528358404926
UCHL3,1.5559596814654943
IL4R,1.5550811136835179
SOD3,1.5539543460630727
FOSL2,1.5531691780169234
ATF4,1.55189079031286
RAP1GAP2,1.5496395530149973
ING2,1.5462171969541676
RPS6,1.5454705404773659
NMT2,1.5434807363705687
HSPB1,1.5434399962267091
NABP1,1.5413273308262094
WDR41,1.541139067311539
FIGNL1,1.5408594626100698
RNF144B,1.539795558400769
NOMO1,1.5397642635960305
WDFY3,1.5396543661385356
MACF1,1.5387437079341142
CYB5D2,1.53772091502105
HIST1H1E,1.53571460577986
HMGB2,1.5352493339035473
TNFAIP2,1.5349193838473363
RHBDL2,1.5346467308793428
FILIP1L,1.5340475232609725
SKAP2,1.5316313677162297
APLP2,1.5306130680712728
CXXC5,1.5304117303336435
TCN2,1.5282082278772897
PSEN1,1.5261457236040659
MT-ND1,1.5243426221925302
S1PR5,1.5210188661249393
IRGQ,1.5193705647525357
GATA3,1.5185572571864654
SMYD3,1.5184299670375134
CEP290,1.518132762437053
H2AFJ,1.5181099478256186
APMAP,1.5159157066895825
DCAF13,1.5153034039683628
XRCC4,1.5148432676106804
GLB1,1.5125523866374158
NDUFS4,1.5123225359320913
PHF23,1.5111555434099666
TCOF1,1.5102496539459678
ACTB,1.5089765036964518
RARG,1.5074213470120643
NCOA4,1.505196530451
TPD52,1.5025644516053622
MTERF3,1.5020060517481117
FUT8,1.5009469095655825
PSMA3,1.5008672650201902
RPL22L1,1.4963237079239637
ZNF587,1.495753869520979
CDC123,1.4947145874150278
CD74,1.4906195920401615
MMAA,1.4889440209191065
TRAF7,1.4873037519411179
UBE2W,1.484860754566862
PARN,1.4829601771392547
TBC1D31,1.4827630563818837
UBR4,1.4826767911958567
CALM1,1.4815775554401789
AVIL,1.480089960120832
MT-ATP6,1.4795485367808838
CRELD2,1.478536069305426
COMT,1.4779657235060228
DNAAF2,1.4772066057035569
FOXJ1,1.47571322393842
REEP4,1.4727147775750549
COQ2,1.4722220261682175
YWHAH,1.4696165684919118
TNF,1.4687944752503712
PARP16,1.4625840300020059
PMS1,1.4619109549913598
KIF13A,1.4609856951482387
PDP1,1.4571784243174324
MAP3K7CL,1.4564606632704904
MARCH2,1.456160297800056
PAK1IP1,1.4561088529347326
MTPN,1.453308848449934
ADM,1.4523011774305254
ZNF3,1.4513096106359298
MUTYH,1.4510960503131758
UBE2J1,1.4507161473578318
HIGD1A,1.449317896923056
MBNL3,1.4490172559315588
STX7,1.448923986346283
ZNF335,1.4488530278147351
FRA10AC1,1.4475700274918952
RAB11FIP2,1.4470546218196871
EDEM1,1.44218043641235
RECQL,1.4409731301964293
ZYG11B,1.4390771707047991
HSPBAP1,1.4387661905020215
USP12,1.4386111173706824
LTB,1.4361003778245331
RRP15,1.4324231350294463
LFNG,1.42987396687648
GNAI2,1.4293771037639904
SIPA1L1,1.428891384111326
COCH,1.4272373682329602
EYS,1.4270768281296864
AP3B1,1.426605165784086
KIF3B,1.4257359726950294
MON1B,1.4250458406815938
PDK1,1.421237190606846
KLF10,1.4200935699408042
HERPUD1,1.4200654982015153
TRIM16L,1.4193609799896252
TJP2,1.4190163533494626
CCDC86,1.4171293866707146
APEX1,1.416148837144747
NT5C2,1.415151572678782
STK39,1.4150774027528
CLEC11A,1.4147172220141502
PLEKHA2,1.4144379508006566
PARVB,1.4143682151288013
OPTN,1.4125301172444247
POLB,1.4117195070232522
MAPK1,1.4108066212276362
GSTZ1,1.4103845140546805
ANXA2,1.4094885358981522
ALDH18A1,1.4063112595984268
HAUS2,1.4055777357876613
SLC30A1,1.405434869838849
HIST3H2A,1.404637918772234
NOLC1,1.4039527139143808
SFTA2,1.4019660004804042
STYXL1,1.4001026324121169
RIT1,1.4000962877245215
TOX2,1.3977939494933442
NCALD,1.3959143515966417
NRGN,1.3947022094154984
LRRC8B,1.3933916845701149
DDAH2,1.3921303558052949
ERCC2,1.3913725246717954
CNN2,1.39105475723053
TUBA4A,1.3900615447676787
LYAR,1.3890450749069079
MLLT11,1.3889911129639927
TSPAN2,1.388054277228696
MIR222HG,1.3875100914347642
NXPH4,1.3838272635982278
STK38L,1.383198389938811
SMC6,1.382879879679954
RSRC2,1.38273520673042
CXCL2,1.382361679280456
SLC16A6,1.3822960752213764
MAGI2,1.3813680689382832
COTL1,1.3810981833275031
RGS10,1.3793903920591009
RBM24,1.3789188203773437
DNAH3,1.3764106209949063
CYBA,1.3751055002145927
SRRT,1.371893417640979
SORT1,1.3708026072401676
DHRS4,1.3692902358304322
SLC16A7,1.3692638067305194
KIF16B,1.3688153455680732
RFC2,1.368465671845021
MCM3AP,1.3671993117087977
BIK,1.3669180572142097
IFIH1,1.3661886025101535
RFT1,1.3638267882889181
DCPS,1.362176199349987
TSPAN13,1.3620357673966632
AREG,1.361939617136583
TRIM14,1.3612902950095231
EIF5A2,1.359087183492502
TBC1D9,1.3580099104397894
PLK4,1.3575648678216699
DHRS3,1.3572361221072764
ABHD2,1.355126611055359
TBC1D4,1.3547408979865845
CERS6,1.3519011566530152
WARS,1.3516022882337837
DPP4,1.3496414402826595
ETS1,1.3487131028163017
CTSZ,1.347614479156595
PIGB,1.3450370875606814
MED13L,1.343201485612038
AHNAK,1.3428371136542951
NEAT1,1.342103928072117
MX1,1.3410905953146464
RDH13,1.3404302741060483
DDIT4,1.3400576277760459
SYN1,1.337769236272087
PGLS,1.3353829562915402
MGST2,1.3336103386940779
SLC12A2,1.3310521440104062
IL32,1.330436792115447
TCF4,1.3302743524259248
IFI44L,1.330207164539916
SUGP1,1.3301304495860393
HSPA5,1.3295325198313772
ADAM19,1.3274048650762016
FGFR1OP,1.3238911569483434
HIST1H2BN,1.3229577662887981
GRN,1.3207878043024144
TAP2,1.319709178239204
CTSH,1.3194004510007915
DHTKD1,1.3178769170713103
TMEM161B,1.317113643362057
SPIB,1.3160462047510337
SMARCC1,1.3113789219839669
OGFRL1,1.3111142038412187
TNFAIP3,1.3100489445413448
SCO2,1.3087537540486032
S100A10,1.3085189286951573
HAND2-AS1,1.3065775923650838
NPC2,1.3049826319970312
TRIM16,1.3021430864279082
LGALS3,1.3017498760479584
LEPROT,1.301315923912998
TSPAN17,1.2972211828668319
MSRB2,1.2949720930645339
LLGL2,1.2934712408302618
CREBZF,1.2931723125841141
RHBDD1,1.292693644527753
LOXL1,1.2920089574500686
RGCC,1.288744444702719
SUSD5,1.288614949206366
FUZ,1.2884726687301653
CPVL,1.284742968520993
FKBP11,1.2828320313744106
NDRG1,1.2827963999158303
CAPG,1.281333468026511
HSDL2,1.279646939542799
CDA,1.2789719992226376
TNFSF10,1.2774040771753976
HLA-DQB1,1.277377111821699
IFI16,1.2762216510587403
CD2AP,1.2749655180136064
NCF2,1.2749294339230761
CSRP1,1.274908330338908
PDSS2,1.2741454620129407
MOSPD2,1.2737972131015614
SEL1L3,1.2724066867875032
GNL3,1.2706617616996627
ACTR3,1.2704724158786322
EFHD2,1.2693703230733793
IL6ST,1.2682873964678185
GSTP1,1.268068221504282
WDR44,1.2678384004009116
H1FX,1.2665113173551101
CD226,1.2641759107589625
XBP1,1.2626898566034548
TUBA1B,1.261788771509543
IL6,1.261642535835692
DRD4,1.2605843732608255
RAB32,1.2601713186990018
CCDC146,1.258271114353371
SEL1L,1.2551613033883815
HMGXB3,1.2542164610851205
C12orf45,1.2541150520810813
ARMCX3,1.2540036558746315
GAPDH,1.2510151232636633
CMTM6,1.2496218242701185
NPC1,1.2478922903243868
THEM4,1.2474211826537038
AGMAT,1.2473836458837912
DNTTIP1,1.2459377612009237
ZDHHC16,1.2455753007211139
XCL1,1.2448860797527546
IRF2BP2,1.244571804579439
ASRGL1,1.2436304654384291
MT1G,1.241818627017446
MYBL1,1.2411519749636402
RGS16,1.2407621246598548
SCAF8,1.2388133905383076
PPCDC,1.2385558179334624
FPGS,1.237914867885589
FOS,1.2366902425088906
S100A4,1.236364070017551
OTUD4,1.2362300166387892
CRIP1,1.2351313040692464
SPOCK2,1.2336632523084112
PLCE1,1.2335802195988796
PCDH9,1.2327295916678709
CEP63,1.2313469053044193
IFITM2,1.2312215283627537
LYPLAL1,1.2303465021020024
RBKS,1.2301809934857117
SLF1,1.2299419993439857
ALOX5AP,1.2298199623366461
ORAI2,1.2293475707669996
ARPC1B,1.2293005304485425
SPPL3,1.2291496766193657
DAPP1,1.2288113228563877
STAT1,1.2284822021866406
BST2,1.2261396327075598
SCLT1,1.2230548778152823
SV2A,1.2226147105271694
GPATCH2L,1.2212800801239558
LIMS2,1.2208585173986086
TRMT5,1.220237428647216
ZYX,1.2200352843634221
ZCCHC7,1.2196322218043432
ISG15,1.218219339727692
FTL,1.2177685843304185
MICAL3,1.2151180611757333
GALNT10,1.2100411070959594
CREB5,1.2090831596786058
SULF2,1.2090109895696939
CXXC4,1.2044379301565868
HLA-DMA,1.202818326612178
GPAT3,1.2012585687474544
LINC01411,1.1996656198251623
PVT1,1.1989197032666628
GPANK1,1.1986498499625036
GFOD1,1.1985842514032992
DIS3,1.1976416538701828
ADGRE5,1.1966636483293618
AGPAT1,1.1962581640661807
FUT11,1.1929773129174408
NEU1,1.1899581434427442
LINC01355,1.1889869827395623
PTGDS,1.1864469771966066
PCGF6,1.1855654663003745
CEBPD,1.1845352237722067
OXNAD1,1.184528215627044
ERLIN2,1.1842249664503286
ADGRG1,1.1837777835117582
IER2,1.1826900251795185
CLIC3,1.182437475074134
MARCKSL1,1.1820685570756735
ABLIM1,1.1805472811018074
LRRFIP1,1.1804711011854478
GYG1,1.1779661135092838
FTH1,1.1778030168921096
SLFNL1,1.1758207403599361
PFKFB3,1.175373566964705
PASK,1.1751846010359228
BANK1,1.1751142659502436
NFKBIA,1.1732416595323558
MRPL30,1.1728634381089287
HYLS1,1.1720622989250211
PLD5,1.1696203789195274
SENP7,1.1689165353645274
CNDP2,1.1669267856627223
VIM,1.1667961412538406
ARHGAP26,1.1667252949662505
BICD2,1.1656174979645164
WDR48,1.164978814805126
THAP9-AS1,1.1628529021607603
SDCCAG8,1.1615957602280402
SPTLC2,1.1608785745844648
PUM3,1.160734999758784
ACAA2,1.160298858308649
BEX2,1.160132307286342
MATN2,1.159910709326907
AKT3,1.1580627509288104
CD99,1.1579760697126642
AGK,1.1574887665389404
CEBPB,1.1572056302468927
RRP12,1.156754586322096
HIST1H2BD,1.1566613713258738
NAMPT,1.1564906465411857
UBE2E2,1.1506163371912739
TNFRSF18,1.1481525871274538
INTU,1.1478611596550603
TMX4,1.147672521595259
TMEM19,1.1456356358482247
EXPH5,1.14560089855808
CITED2,1.1441625936524702
PICALM,1.141217618441216
ARID5B,1.1410977575279617
ACVR2B,1.1393586935032027
PSME2,1.139161459015546
DUSP16,1.138936044052343
TAF2,1.1365068211671423
KLF7,1.1358671735984238
LGALS1,1.1348777568997372
MSC,1.1345370630736293
EAF1,1.1336766954811348
ST6GALNAC1,1.1336533470377927
CDK12,1.1325152859762329
SERPINB1,1.1320659844295684
RTKN2,1.1260129934359528
SEC11A,1.121666847454617
PELI1,1.1194040199697688
TNNC1,1.118204694569399
TCIRG1,1.1163889725193885
ZNF710,1.1161825675409722
DUSP2,1.1151481538201398
MEF2C,1.1140614632796078
SLFN5,1.1124055357294085
IRF7,1.1115684519613984
ALDH5A1,1.1106062818776836
RIC1,1.1101644819656178
POGLUT1,1.109622903617698
CAPZA2,1.1089433920687777
VWA7,1.108385895540804
ENPP1,1.10753686355228
NCKAP5L,1.10652824594784
SERPINB2,1.1049846521344304
PLD3,1.1025067912860402
UBL7,1.1013465612681579
VCAN,1.1006980613195432
IRF1,1.0998174347437277
RAB11FIP1,1.0992534858556386
NAGA,1.0983215762982252
RNF212,1.0977135863738763
RAB8A,1.0974167873672995
TMED5,1.0962986863159558
MAP2K3,1.0961901898481883
HLA-DMB,1.0949434652512253
NBEA,1.093442117346667
BCKDK,1.092683434146188
UBE2Q1,1.0912763150342495
ANXA1,1.0891319105806658
ZNF205,1.0881670225623405
CDH4,1.0881067246156115
KIN,1.0877319178912304
CSAD,1.0847582408440744
ZBTB43,1.084692140710703
GATM,1.0845914309851679
CST3,1.0840085939886508
ARF4,1.0833402040570586
PDE4D,1.0820815181431962
DNAJC4,1.081280576520639
DHRS2,1.0792874317589372
ORAI3,1.0789170901067846
TCF7,1.0784391963775604
PKIB,1.0781834162301205
CCDC186,1.0780342415524502
SOD2,1.0772329390944502
NDUFS3,1.0771952908084053
IL1B,1.0771256405928173
PPT1,1.0761916067389146
UCP2,1.076156485719728
POLR3D,1.0732243082633226
LY6E,1.07288383103776
CEBPZ,1.0723486944072051
APOLD1,1.0708086021452587
TTPAL,1.0676437717047487
HEXA,1.0651638211436203
ATXN1,1.064783320367272
RPP40,1.0644474370450991
JUN,1.063929950544021
SLBP,1.0630640946791465
FOSB,1.0626009826607705
DMXL1,1.0604919232509005
C1orf21,1.0597682325118192
HHEX,1.059147711986063
FKBP15,1.0573298370471949
ZNF566,1.052471367641008
GP1BA,1.0500546085599312
CNTNAP2,1.0483125960030013
MYC,1.0478715296284558
TMCC1,1.0475838931661188
NUFIP2,1.0463617607162927
ACP2,1.0455552734895701
PPP1R15B,1.044665263594735
SNX3,1.043566099766295
HSD17B7,1.0431323967795403
CMC1,1.0423342478615525
NCAM1,1.039978000709109
MLXIP,1.0392853349750104
AKAP12,1.0388484108396818
SAT1,1.0385227629708194
GABARAPL1,1.037951981798048
RGS19,1.0348923182824978
S100A11,1.0338301890574606
SH2D3A,1.0336366540223554
ZNF276,1.0331160854884367
RABGAP1L,1.0323146208728182
CITED4,1.0317685723112706
ZNF232,1.0311999095508197
SH2B3,1.0299573239112128
CAMK2D,1.028881605398612
CCL22,1.0287326880302672
ARSG,1.0277736598368026
GRAMD4,1.0271142250586862
RXRA,1.0260088332670543
BIRC3,1.02544838613482
ESYT1,1.0254436158634717
ETV6,1.0244374671362582
MGST1,1.0243143652560727
TPMT,1.021169563759012
CBLB,1.0206767828127488
TTC32,1.0192111510980923
STMN3,1.016466917184294
CXCL3,1.0156970078173795
NKIRAS2,1.0156636503496286
SNAI1,1.0106438504343114
GBP1,1.0099305337508708
MKNK2,1.0095641645977709
SRGAP2,1.006070218866815
FAM217B,1.005689761041857
FBXO32,1.0053280153918938
TMCO4,1.0020598423200349
PCED1B,1.0012210934066148
WDR1,1.0010869051720106
KCNAB1,1.0000560878866354
S100A6,0.9990310930836963
BACH1,0.9988012580531026
HADHB,0.9985003853288924
SIRPB1,0.9951832233665177
KCTD15,0.9949035459465829
GLIPR1,0.9947591924999183
STXBP2,0.9925230157469267
APBA2,0.992135427321801
B3GNT7,0.9918346285107963
LCP1,0.9899276950556369
MPP1,0.9890129023464619
GADD45B,0.9889349202266955
INSIG1,0.9879962784237204
RNASET2,0.9875981237733306
MANBA,0.986689786196772
WFDC1,0.9865502973372086
PIGU,0.9821872731004732
FANCM,0.9804232984994876
ATP6AP1,0.9790721489041289
CCDC112,0.9773564780881675
CXCL8,0.9757908633491319
CCDC125,0.9747255196157207
PTPRJ,0.9737667142369237
RBM15,0.9731214093446614
ATP13A2,0.9729312793874852
MCOLN1,0.9705360084906135
CARS,0.9675910378228599
AUTS2,0.967148505546044
MIR155HG,0.9665060657233338
CD69,0.9662319252166043
SLFN11,0.966002916259263
CPNE2,0.9648794294260099
SNX1,0.9639400248231379
CHCHD3,0.9617313013879444
IFNGR2,0.9609452374137608
GLMP,0.9605581815459764
IFI44,0.9604231908911833
SYNGR1,0.9603778398424258
ZNF829,0.9590587450375943
LST1,0.959054770380416
LPIN2,0.9588019436492378
C1orf54,0.9578616903945213
TNFRSF25,0.9568961087383858
IER5,0.9557837832443312
SLC36A4,0.9557632164328539
MXD4,0.9551468227783565
HIST1H2BC,0.9524500048665593
PISD,0.9519871931210137
OAS2,0.951985300583349
PSAP,0.9515856113034642
STKLD1,0.9508677404205177
LINC01393,0.9499440164435068
SMIM14,0.949771731471813
ITPK1,0.9493741839595183
PLAC8,0.9486504032808114
TACC1,0.9485229694643468
RUNX2,0.9483702032176394
NRAV,0.947335064303794
LAT2,0.9462792398653946
SAMD9L,0.9453950897725919
ATP6V1B2,0.9450413456170997
MPZL3,0.944904261644405
HYAL3,0.944446794136427
NECAB1,0.9434688386453648
RPS6KA5,0.9423820081895623
ZNF616,0.9417371183258472
IFIT2,0.9389779798701042
TFPI2,0.9387919588623966
RHOB,0.9378476695863257
TWSG1,0.9376434922851905
TUBA1A,0.9362886633027546
IMPACT,0.9360061929627687
TRIM13,0.9350030393334883
CHD6,0.9349939065357407
KLHDC8B,0.9339014024423787
ZFP36L1,0.9337065368910729
ANKRD1,0.9315238974515805
RUNX1,0.9307970570178306
ID2,0.9299076555016071
CTSS,0.9288472479653485
CHPT1,0.9280507938800889
SOCS3,0.9225706820538533
ISG20,0.9220423677591206
SRGN,0.9200967603396139
SEC23IP,0.919585144178749
HSBP1L1,0.9179619046788755
MKS1,0.9172425547539399
FXYD2,0.916335062966407
HSD17B8,0.9159042089013285
POU2F2,0.9146597993014431
ANKS3,0.9145202640515955
ASB2,0.9138035391251137
CALB1,0.9133984040396628
CARD19,0.9127119413247716
CEP76,0.9102243202916168
ZNF333,0.9099246711066128
LSP1,0.9095000108883902
ACO1,0.9079880172775353
KLF4,0.9061130631424477
HIF1A-AS1,0.9060516651686096
MCEE,0.9055958735061552
IL6R,0.9052606786459149
TRAK1,0.904027882965815
MAP3K5,0.9026669682433228
PLAUR,0.9023572112325875
FBXO30,0.9010781974251644
ATF3,0.9009152716423188
IFI27L2,0.8977651553098482
TTC39C,0.8968889547303649
NDRG2,0.894388928101127
CDKN2D,0.8929106800954979
SCN3A,0.8926146073840281
RABGEF1,0.8923482957818913
TTLL3,0.8915934978930053
SNHG19,0.8877219066721499
CEP135,0.8871142232849223
CCPG1,0.8864253614373648
AKIRIN2,0.8862120076500789
SNN,0.8858292875447755
QPCT,0.8852753873724241
PLXNA3,0.8832138425148263
ANKRD36,0.8827386692131323
ALDH1L1,0.8825152487514781
LXN,0.881279764937188
RGMB,0.8811979280558382
RGS2,0.8806954436080504
EXD3,0.8800361221232678
CDC42EP3,0.8799951478095644
PMM2,0.8789044546367014
MYADM,0.876740417483542
MAP3K1,0.8767166396245624
FCGRT,0.8759126673248693
EMSY,0.8757870188064859
LACTB,0.8755235407703408
VNN1,0.8751754846746582
CMTM3,0.8706967712323347
SLC35A2,0.8691270047971772
S100A9,0.8686902553232108
AP1S2,0.8667757112103172
ZNF821,0.8664330404346925
IFIT3,0.8649577885569069
MSRB1,0.8647099136422361
CACNA1A,0.8646970939139472
TNIP3,0.8646133837588497
APOL6,0.8608908941611708
ARMCX1,0.8587949332599991
TRAF1,0.8584304226623938
AEBP1,0.8583518208048823
KIF3A,0.8578620591535818
DIAPH2,0.8573816432881868
POFUT1,0.8566645158257716
VAV3,0.8565844487506376
SYP,0.8556120234502858
FAM107B,0.8544548467649165
SLC16A1-AS1,0.854123380938648
SAMD3,0.8541165010781021
SDR16C5,0.8518194517685618
ARHGAP24,0.8517981365302753
MROH8,0.8517281837536972
RPS6KA3,0.8452472022697464
RHOQ,0.8452180469834207
OGG1,0.8420769944031306
ZDHHC17,0.8375466778285614
KDELR3,0.8357936657819406
MT1M,0.8350085261695683
ACVRL1,0.8345959649895318
PHKG1,0.8338784419045663
PLA2G7,0.8335361047312336
BCL2A1,0.8309477103945042
KCNK15,0.8290765056884095
CFD,0.8280023698582659
FBXL20,0.8253304412736543
HIP1,0.8252933093627783
SERPINA1,0.8246656981945503
TMEM262,0.824624556443747
IFI6,0.8231873149658046
RIC3,0.8230453342494296
ITGAL,0.8217342420242499
FOXO1,0.8211943666675697
MYPN,0.8207557624428237
CYB5R4,0.8205158255429071
CC2D1B,0.8197171215767473
BID,0.8192170027624874
PLEKHF1,0.8183649561952802
RUNX3,0.8182539486009732
TRIB1,0.8181293020545624
HIST2H3D,0.8173603070562313
TEX2,0.8144070121731926
RSAD2,0.8137685841917836
EPOR,0.8105763692433232
KLF6,0.8102357047905404
DUSP10,0.8087858834154433
SERF1B,0.8055550633630504
PLAGL2,0.8047496421178252
MPC1,0.8045594770518277
XAF1,0.8044821276161919
GAPLINC,0.8034797153753629
SIRPA,0.8022457390991251
KLRF1,0.8021186471428169
PTPRE,0.8018833536712883
COL4A1,0.7970379633472141
CD14,0.7967757588365274
FAM89A,0.795645119558236
VPS13B,0.7953583684950134
MYD88,0.7942366497683317
CEBPG,0.7935193859922584
CRLF1,0.792495349768102
RAB29,0.7905669849457445
GABPB2,0.7897942315753808
LAMA3,0.7894716682630474
IFI30,0.7894166067920133
GBP4,0.7869518940775473
GDAP2,0.7859393525358577
DENND2D,0.7858729265683627
PAFAH2,0.782207477321576
MAP3K11,0.7817377899057228
IRS2,0.7816728990143537
SLC12A8,0.7807742430954127
HIPK3,0.7795240420559764
GULP1,0.7773915240242634
MTMR1,0.7768547313217306
PIM1,0.775302809210424
ZBTB11,0.7727279687597015
NR4A3,0.7722933853574063
ARL4C,0.7682641868435458
OPN3,0.767473634583279
KIAA1841,0.7674132069330817
ADGRF1,0.7635085742285384
MREG,0.7630195208460581
TMEM106A,0.76166308077622
LINC01220,0.7599280387786644
IL1R2,0.7596638560869828
CDKN2B,0.7578116366299598
LINC01513,0.757671149306639
MED14,0.7576519746315692
TBXA2R,0.7564332888678007
FAM110A,0.7554950823174835
SLC43A3,0.7538980343775421
TYMP,0.7530387475556131
PRKCD,0.7528300137146683
DDIT3,0.7499214723427537
SNCA,0.7497777020022178
PTGS2,0.7486086772915506
MSR1,0.7479412559473632
TMEM94,0.7471341529204919
WARS2,0.746309399031699
CCDC74B,0.7435431778460352
WFDC2,0.7435224967944295
PSMB9,0.7417217690918277
P2RX5,0.7403853752442855
ZNF667-AS1,0.7400640173767745
WDR66,0.739297243112217
FGFBP1,0.7383098859395812
AK5,0.7376414972332288
CRELD1,0.7356969779560532
GOLGA6L9,0.7355430103825432
STOM,0.7336312726810491
PXK,0.7307062262985548
NSUN6,0.7301233068236127
LINC01215,0.7299071295688366
PSTPIP2,0.7295374550941146
LY96,0.7293602776591037
NFKBIZ,0.7278921177372214
MFSD1,0.7269763457704226
FAM43A,0.7259665050605538
FAM135A,0.7255242548967595
CARD16,0.7253775309771843
TUBE1,0.7245663509296384
LAMC2,0.7238675089368087
STARD4,0.7234778272164624
PTP4A3,0.7225121406239469
HPSE,0.7213914757191218
OSCAR,0.7212039650627171
DUSP6,0.7174461109387933
TMEM121,0.7169155645089892
TP53I11,0.7168776816340633
UHRF1BP1,0.7168327910180494
ALOX5,0.7165078586951718
PDK3,0.7145922268457644
IL1R1,0.7135006594544
FUOM,0.713121118387077
CCND2,0.7128765209621933
OAS1,0.711510982547299
HELZ2,0.71121948795855
IFITM1,0.7108259298745345
FAS,0.7106628021830009
SIN3B,0.7084305950018019
SAMHD1,0.7083923647673066
TFAP4,0.7068143875508436
NINJ2,0.7068127237426309
MAP3K8,0.7044566979412941
TMED8,0.7034745138270293
RBP7,0.7016134072468312
HOMER2,0.7014756425074786
LINC01504,0.6978283252644898
STC2,0.697299780871347
LRRC32,0.6913643237505923
HARS2,0.689272190444961
MXD1,0.6870855088464843
ABCA7,0.685415537045981
PECAM1,0.6849255277162447
LRRCC1,0.6797027396559185
ZNF839,0.679154858484905
PPARA,0.6782194481259319
EFCAB2,0.6758118626341795
FAM53C,0.6739408723956803
PLBD1,0.6736628312811358
ZNF84,0.6725871762647336
LMO1,0.6690964889073883
GPR65,0.6683577762139582
VPS13D,0.6673897965218366
MX2,0.6651995752537602
THBD,0.6593618909779051
C8orf82,0.6588368154120156
ITGB2,0.6583232024965593
HNMT,0.6564290317259159
CAMK1D,0.6558901887527807
RNASEH2A,0.6553130169080825
ICK,0.6552770324858835
CCNB1IP1,0.6522944138379253
DEFB1,0.6514302088172329
MPP7,0.6509213160089156
RELT,0.6456902440598704
OASL,0.6452103553163118
DNAJB4,0.6428186630908818
CNPPD1,0.640440064663888
SLCO2B1,0.6402046863962174
DNAJC12,0.640028349754411
MIR3945HG,0.6393270194817666
NAV1,0.6355653598461725
A2M-AS1,0.6354946746952196
NAF1,0.634983108126242
ANGPT2,0.6347815894520201
BATF3,0.6344390228869448
CPT1A,0.6324360102434019
ZNF331,0.6324009554917835
PYCARD,0.6315511658773454
NRARP,0.6313672293313654
IL19,0.6312184010682816
ORC5,0.628988735789884
PLIN2,0.6287451188411534
HMOX1,0.6279010116699717
PER1,0.6279000641544372
ZNF33B,0.6261006795869172
SPNS3,0.6260228993486544
GPR155,0.623982086435599
SGK1,0.623693225662326
LBX2,0.6222947255740554
OTUD7A,0.6216849740509468
USP44,0.6210775096569833
SLC40A1,0.6180643729547254
BTBD8,0.6174996379084773
PHACTR1,0.6159752472930862
TARSL2,0.6148639098344253
MAFB,0.6144277376894646
PARD3,0.6140088617791938
HRK,0.612561553631055
CLDN1,0.6122469878375753
GSPT2,0.6118886062583615
ARHGAP31,0.6113225651036476
MAST4,0.6097391214756354
AP3M1,0.6075491152304101
SUPT3H,0.6047158474626021
ZHX2,0.6029295529280472
RASSF5,0.6017357003086337
CLEC4E,0.60121854295943
FST,0.60094993205107
TET2,0.600315573986541
FAM49A,0.5995662178758497
DENND6B,0.5983600866204871
SOX9,0.597834452999762
TM6SF1,0.5938472834169664
MNT,0.591091241337564
PPP1R3E,0.5888378803235033
TMEM159,0.5839043076983914
FCHSD2,0.5834586091787364
DOCK5,0.5800295922936671
NRG1,0.5771109089143872
DDX20,0.5681225521745376
ITGB8,0.5675276447936963
PCYOX1L,0.5674358039536697
NAB2,0.5638068608131297
CHRNB1,0.5603146027902092
LINC00482,0.5571546214187689
OSMR,0.556934621616556
RNF13,0.5556809437758812
RRNAD1,0.5549564472953539
HECA,0.553892719834449
NNMT,0.5527195208746355
MINK1,0.549731420496984
OCEL1,0.54509666697191
FBN2,0.5442988439460479
BGN,0.5434425933110322
DSTYK,0.542739780517098
TPK1,0.5412992194764376
TOR2A,0.539863761988699
IKZF3,0.5380314094185448
KLF9,0.5347922179758583
MTMR3,0.5327603015512143
TTYH2,0.5326784105462121
IL1RN,0.5311258112961758
TTI1,0.5311044960439726
CD68,0.530668898201741
FOCAD,0.5288781026715769
PI3,0.5261365945768547
SERPINB8,0.5257214049872984
CD33,0.5247372057550128
POMGNT1,0.5233004674680057
CDH23,0.522526518334554
DENND3,0.5219313287463
ANK3,0.521723818764444
C11orf80,0.5211432528654694
SIPA1L3,0.5211116366952099
MCTP1,0.520194231972966
SLC11A1,0.5201650637518286
PLXND1,0.5200942240103185
AFTPH,0.5149086787981766
ALDH2,0.5146801373847572
RILP,0.5136880639916053
CYP2S1,0.5111021306269472
ALDH1A3,0.5072589591091904
FAM13A-AS1,0.5049048128861233
SUFU,0.5038414341075755
GCLC,0.5031236563029615
KSR1,0.5010979231385967
FAM117B,0.5000010181739513
SPATA6,0.49850911935328024
ZNF516,0.49293999148072226
AHR,0.4900640124029062
PPP1R21,0.48940342284411126
KCNQ1,0.4851587394924362
TNFRSF11B,0.4826444331414086
PARP9,0.47667644868924913
TYW1B,0.47610734789357995
CCNE2,0.47497975678988946
EPHA1,0.46759275026823965
KRT81,0.46722498455188904
MOSPD1,0.4645600682958017
SDCBP2-AS1,0.46389370716561623
LIPE-AS1,0.46342203559820383
ENTPD3-AS1,0.4628940112166724
FLRT2,0.457826372635136
AP4S1,0.44627571616399936
TMEM260,0.44420056704203736
LINC00909,0.4389757684949018
PAEP,0.4359243544076815
CCL28,0.43493862127803723
ZNF583,0.43408547280923654
TMEM132A,0.43374868254522897
SPRR2A,0.43273368145229724
DBT,0.43216503457878697
TRIQK,0.42802175539537735
SMCR5,0.4274825318754933
SELENBP1,0.42076852065283726
IL31RA,0.42076480234439395
IQSEC2,0.411788420475639
VSTM1,0.4074829716631092
NAAA,0.40556904428388346
UBXN11,0.4055144496752913
LIPT1,0.40268741916115713
DLX2,0.3860143777198
EPHA10,0.3825411136140577
SLC12A9,0.3798458803123661
ARHGAP23,0.3757172457059049
IRAK3,0.37112765207402376
SWT1,0.3681145360678115
SAA2,0.36337784881460344
TRIM69,0.35850132257121287
CDH6,0.35515754415370315
CCDC30,0.35366285550841386
KISS1,0.3447618085271892
SLC34A2,0.3383912508526746
GFRA1,0.33044245693994
RARRES2,0.328503901188217
ST8SIA6,0.3238738951178644
FBN1,0.3102869685406339
CLPSL2,0.30981476689928905
SPINK7,0.30663458845446095
CRYAB,0.305555723068881
KRTAP2-3,0.3048223211961721
KRT17,0.29486828009848226
CA12,0.29477978277257344
IL17C,0.2756675830435028
MMP7,0.2716262977223249
PMEL,0.26752821828254775
RGS20,0.25887263041184677
IQUB,0.25554559929982174
CHRDL1,0.25252403548968694
IGFN1,0.25051676848965326
CLDN16,0.23669272095951155
NEURL3,0.23510870362102712
TM4SF18,0.2314191738076345
GALNT16,0.22433863593877698
PDE11A,0.22344148697577484
BSN,0.2200192320603816
VEPH1,0.20924583449402848
STC1,0.20290399994656494
SPATA17,0.19397548786650257
IL12A-AS1,0.17746531960319295
NGFR,0.17376675009335646
EDN2,0.1715447438044525
CXCL6,0.16701165559656164
KLF14,0.15852668770960804
ANGPTL4,0.15076100571698017
CCDC68,0.1384434475748371
CSF3,0.13106004212226507
SPINK6,0.12493611830785246
SIX3,0.12080534649332207
KIAA1614,0.10752859948308832
DDIT4L,0.10421066200595178
PRR36,0.10292502303897244
OCLN,0.10155443833603697
STOX2,0.10083670941444177
ECM2,0.09897067204617299
LINC00881,0.09603913699763837
RNF183,0.0922147606445272
CDC25C,0.09013225325493826
HEY1,0.08992313797310451
GRID1,0.08561758609827255
SPANXB1,0.07791686595523807
TM4SF19,0.07470004368108143
DNAJC22,0.07428487687580143
RAB42,0.07413792923141192
LINC01191,0.0720088113562529
TCF7L1,0.06905118370182511
CACNG8,0.06773086888833679
AC004837.4,0.06223815327222916
PRSS12,0.06174435568859956
SLC24A3,0.051959305855257994
HAS2-AS1,0.05135134139156904
CSF2,0.04394927629592956
FAM181B,0.03889571028088513
SLC6A14,0.036893503980199936
PHACTR3,0.018052166798436627
