col_name,feature_importance_vals
CXCL8,0.0
VIM,0.0
LCN2,0.00043997675666260076
IL1B,0.0
S100A4,0.0
EREG,0.0
SERPINA1,0.0
LTB,0.0
HIST1H4C,0.0
CXCL2,7.042944337261522e-05
CRIP1,0.0
G0S2,5.350086944539414e-05
ISG15,0.0
NEAT1,0.0
MT2A,4.156468353659681e-05
TOP2A,0.0
ATP1B1,6.35549871693575e-05
ID2,0.0
GAPDH,0.0
IL32,0.0
FTL,0.0
ANXA2,0.0
CD38,0.0
CD24,0.00013304064387154464
CENPF,0.0
PDIA4,0.0001111728947781083
IGFBP7,0.0
EGR1,5.38321793874111e-05
PPP1R14A,0.0
ID1,0.00011613349119972007
ID3,3.7492754674680725e-05
UGCG,0.0
SRGN,0.0
MKI67,4.8042391204959986e-05
ACTB,0.0
MYL9,0.0
CD9,0.0016309156042696705
IL1RN,0.0
NPC2,0.0
CA2,0.0
HSP90B1,5.152136088040847e-05
C12orf75,0.0
IFI27,0.0023031028308301313
IFI6,0.0
CEBPD,0.00012817845866503448
BEX1,0.0
S100A9,0.0
TGFBI,9.134419870170902e-05
SOD2,0.0
AREG,5.2240584560615904e-05
HMGA1,0.0
TNFAIP2,0.0
TNFSF10,0.0
CLIC3,0.0
CTSB,5.803637394549859e-05
ATF3,0.0
CYBA,0.0
PDZK1IP1,0.00017270362392602715
MT1E,0.0
INHBA,0.00016831234541905666
CALR,5.075143202921219e-05
CST6,0.0
CYP1B1,5.38321793874111e-05
IFIT2,0.0
IFIT3,0.0
TACSTD2,0.000943391901718498
CCNB1,0.0022581207902147623
CD74,0.0
CDKN2A,0.0
NFKBIZ,0.0
MROH8,2.9155516568297084e-05
YBX3,0.0
CXCL3,0.0
PLAC8,0.0
POU2F2,0.0
IFIT1,0.0
UBE2C,0.00010522130443119309
HMOX1,0.0
PBK,0.0005166545115525174
CDCP1,0.009589613396418915
C15orf48,0.0
CLU,6.0653256057111166e-05
MAL,5.075143202921219e-05
JUN,0.0
CCNE2,0.008976406389604206
CDKN1C,0.0
TPM1,6.35549871693575e-05
S100A6,0.0
THBS1,0.0001825029718937203
CD40,8.289161252591041e-05
PLK2,0.00010466634245101075
ITGB1,0.0
PYCARD,0.0
NME4,0.0
NFKBIA,0.0
NAMPT,0.0
CDC20,0.000143024213487128
MGST1,4.2504545078181266e-05
MEF2C,0.0
PLAUR,7.975037564374597e-05
CD69,0.0
MX1,0.0
PHGDH,0.0
FOS,0.0
NCAM1,0.0
CYB5D2,0.0
BID,0.0
IFITM2,0.0
PTPRS,0.0
ARPC1B,0.0
LIMS1,5.553750080269239e-05
TPX2,0.0
RNASET2,0.0
IL6,0.0
NET1,5.059293402739584e-05
MYC,0.0
TPM4,6.679241015590995e-05
EFHD2,0.0
GLIPR1,0.0
VCAN,0.0
PARD3,0.0
TAGLN,0.0009403580411009165
OGFRL1,7.042944337261522e-05
EGLN3,0.0
TSHZ2,0.0
DDIT4,0.0
BIRC3,0.0
CKS2,0.0006024918165446179
UCP2,0.0
CLEC4E,0.0
CD82,0.0
SAT1,0.0
TNIP3,0.0
DLGAP5,0.00149223224391573
NUF2,6.905183293140027e-05
CCNB2,0.005870775220205728
PTGS2,0.0
SSR3,0.0
SYN1,0.0
HSPA5,9.049271442902546e-05
RGS2,0.0
FEZ1,2.8293594019135037e-05
NUSAP1,0.0004970439064459929
PTTG1,0.00010320263659831344
SDC2,0.0001443747051608295
TYMS,4.802360367289404e-05
MGLL,0.0
CCND1,0.0
FXYD2,0.0
OASL,0.0
CLGN,6.600631996211356e-05
PDIA6,0.0
HGD,0.0
KPNA2,0.0
TNFAIP3,0.0
IER3,7.79354796074344e-05
UBE2S,0.00026075341325077726
PCNA,0.0025025697500437737
ADM,0.0
HBEGF,0.0011298265145995932
HERPUD1,0.0
RGCC,0.0
ITGB3,0.0
MT-ATP6,0.0
KLF10,0.0
CDK6,2.535071486151353e-05
TCF4,0.0
HIST1H1E,0.0
CXCL16,0.0
IFI44L,0.0
COL6A2,9.248194032421638e-05
GADD45B,0.0
RPLP1,0.0
CEBPB,0.0
HIST1H2AJ,0.0
PEG10,3.7492754674680725e-05
RNF144B,0.0
TNFRSF21,0.001196190881778484
NRG1,0.0
CREB5,0.0
PLA2G7,0.0
B3GNT7,0.0
LDLR,0.002130424362948801
DDAH2,0.0
HIST1H1D,0.00013421033772453576
FAM111B,0.0036886961051634643
CTSV,0.010916316028695259
LY6E,2.4122210803329708e-05
SGK1,0.0
ZG16B,0.0
AKR1C3,0.0002398293603873211
TFRC,0.0
HIST1H1C,0.0
HHEX,0.0
TUBB6,0.0014677622860281186
DNAJC12,0.0
LDHB,0.0
SERPINB2,0.0
DMC1,0.0
DUSP4,0.0001584582470305323
QPCT,0.0
RPS18,0.0
INSIG1,0.0
H1F0,0.0
FOLR3,0.0
HMGN2,0.0
KCNQ1OT1,0.0
HERC5,0.0004304267651895999
GBP4,0.0
CCDC28B,0.0
PIM1,0.0
KLF4,0.0
ENPP1,0.0
HIST1H2BG,0.0
CD14,0.0
DUSP5,0.0
TMEM98,0.0
ARHGAP24,0.0
RPS24,0.0
ST14,0.0
DAPP1,0.0
ACTN1,0.0
HMMR,0.00041327310437552306
LYAR,0.0
RAB11FIP1,3.7492754674680725e-05
TSPAN13,0.0
LAD1,9.346527107482593e-05
WARS,0.0
BASP1,0.0001766114099601096
HES1,0.00019898081684344466
FANK1,0.0
MYLK,0.00016644298576299387
KYNU,0.0
P2RY6,0.00011981811021256505
SPHK1,4.5640143009508326e-05
SLC1A5,0.0002556119017912326
ALOX5,0.0
CENPE,0.0
IL4R,0.0
CALU,2.6020080935942354e-05
SPDL1,8.582442658598195e-05
ISG20,0.0
DUSP6,0.0
HIST1H1B,0.0005159450972136564
CCND2,0.0
GBP1,0.0
UBE2J1,0.0
MT-ND1,0.0
MDK,0.00015715184815682026
CDA,0.0001381398441818354
ARL4C,0.0
MT-ND4,0.0
SLC16A3,0.0005056643812562768
IL1R1,0.00014207606022099116
SPNS3,0.0
HIST1H2AC,0.00010524049107623525
ADAMTS1,8.679214136425897e-05
HIST1H2AH,0.00023185328301242786
SAV1,0.0021532103610101307
YBX1,0.0
MPP1,0.0
S100P,0.0
RAB13,0.0027203859143557748
SLC16A1-AS1,5.931197021174296e-05
TUBA1A,0.0
CRELD2,0.0
XBP1,2.9155516568297084e-05
ARID5B,0.0
FOXJ1,0.0
NEXN,0.0
SNCA,0.0
MANF,4.935489848823979e-05
CXCL1,7.621189602562534e-05
PLK1,0.0023187608915241796
PSME2,0.0
SIRPB1,0.0
UNG,0.0033771655001919843
OAS3,2.2512120078719216e-05
LAT2,0.0
HMGCS1,0.0
CNN2,0.0
SERINC2,0.004074307687891723
IRS2,0.0
ATAD2,0.00038113292387882485
PADI2,2.9155516568297084e-05
CTSC,0.0
AHNAK,0.0
CLSPN,0.001232523141806735
BRI3,2.4719156803389214e-05
PPT1,0.0
TYMP,0.0
CNTNAP2,0.0
CKB,0.004651063378516534
IL6R,0.0
HELLS,0.009111931181077797
TGFBR3L,0.0
ZNF503,0.0006361155040499597
TNF,0.0
ODC1,0.0
PRSS23,0.00011720109712760559
RSAD2,0.0
P3H2,5.682163123220057e-05
MAP3K8,0.0
ENAH,0.004703601986640336
QPRT,0.00013524445625304966
RGS10,0.0
HNRNPAB,0.00016407501826368773
LGALS3,0.0
THBD,0.0
HNMT,0.0
STOM,0.0
SYNGR1,0.0
GADD45A,0.0
IGFBP4,0.00017378146087507237
IFI30,0.0
LTBP1,0.0
VEGFA,0.007676813506137532
SEC61A1,0.0
GATA3,0.0
CENPA,0.0003587973878781767
CITED2,0.0
CD70,0.00014968725005494538
STAT1,0.0
LIMS2,2.8293594019135037e-05
SAMHD1,0.0
SNRNP25,0.00011272833226171292
BACE2,0.0019393529564373834
NRIP3,5.248976550870335e-05
PARVB,7.79354796074344e-05
SDF2L1,0.0
NMT2,0.0
MSLN,0.0006344780808205706
HIST1H2BD,0.0
HS3ST1,0.000269426880754429
NT5DC2,0.0
SMOX,0.002682371508538403
APLP2,6.866004946908377e-05
DAAM1,0.00018565682565586177
IRF1,0.0
EFEMP2,0.0
MCM4,0.006319035916681821
SIRPA,0.0
MX2,0.0
TPM2,0.0
LMCD1,0.0
AEBP1,0.0
NRIP1,0.0007065672812281744
FGD4,4.156468353659681e-05
LCP1,0.0
PAPSS2,6.35549871693575e-05
TARS,0.000166415163483353
OPTN,0.0
CARD19,0.0
PSAT1,0.0004503581144117006
PMEPA1,0.0
PARP14,0.0
EFNB1,0.0
TSPAN18,0.0001980774031653799
RAMP1,0.0
CTSS,0.0
CARD16,0.0
ZNF618,0.0007784105330218064
SH3TC2,0.0
ZYX,0.0
CHST2,0.0
SERPINE1,0.00011865551234361996
TRIM16L,0.0
HES4,0.00024221958035088484
SPOCK2,0.0
NBEA,0.0
PPIF,4.5640143009508326e-05
BCL2A1,0.0
CDK1,0.001059279030454493
GFOD1,0.0
DENND6B,0.0
P2RX5,0.0
SLC26A2,0.0001321822803391509
CRIP2,0.0006004669880418553
CDC42EP2,0.0
BCAR3,0.003337897729520778
LTBR,0.0
MTPN,2.535071486151353e-05
MYOF,0.006434888091733537
WLS,5.931197021174296e-05
APOC1,0.0012983805947505958
LINC00467,0.0054114689302008955
CEP78,7.975037564374597e-05
TMEM158,0.0
MCTP1,0.0
CTSA,2.3021094853537163e-05
MSR1,0.0
RELL1,0.0
SLC7A5,0.0001400623371433484
IL4I1,0.0
OAS2,0.0
LINC01220,0.0
ZNF205,0.0
LACTB,4.2504545078181266e-05
DMKN,0.0008339377718961735
LIMA1,5.736957859551313e-05
FAM3C,0.0005293348609906007
FBN2,0.0
MARCKS,7.242244240027995e-05
EPHA2,0.004921949774989765
MAPKAPK2,9.305912979993917e-05
MYBL1,7.413918358836072e-05
CAMK1,0.0
PRELID1,2.673086284357635e-05
AK5,0.0
TACC3,0.0
GPR155,0.0
MYO1E,0.00038400450306109784
SPINT1,9.128028601901665e-05
PAWR,0.0031096107689717466
CHEK2,0.0
DCLRE1A,0.0
ASRGL1,0.0004295705566273848
KIFC1,0.0008864769957921645
TUBA4A,0.0
RHOBTB3,0.0006379855883645569
UBE2H,0.0
MSH2,0.0016154089275328396
MRPL17,0.00018898790648226113
NREP,5.553750080269239e-05
CCNA2,0.0006087172045138134
HSPB1,0.00013513518306374077
PTP4A3,0.0
SKAP2,3.007902809914159e-05
MYADM,0.0
ASPHD2,0.0
MXD4,0.0
BHLHE41,0.0
TTYH2,0.0
ZC3H12A,0.0
GPAT3,0.0001983680935186533
ASAP1,0.0
BEX2,0.0
SYP,0.0
PCSK1N,0.00041828821661792347
NCOA4,3.007902809914159e-05
RPL22L1,0.0
TCOF1,7.301175017661012e-05
FLNB,0.0037714738870231234
AMIGO2,0.00021647875102956155
RGS9,0.0002291457376898512
OAS1,0.0
POLR3K,0.0
ETV6,0.0
GARS,0.004203402552193412
KRT18,1.792824738884468e-05
MYO10,0.001634435785726929
PASK,0.0
CPVL,0.0
RELT,0.0
LRRCC1,8.506781767710324e-05
TCN2,7.457272432894816e-05
DNAJB11,0.0
CXXC5,0.0
MCM5,0.00030493809436337523
SLFN11,3.610568524607469e-05
IKZF3,0.0
SVIL,0.0
MTHFD2,0.002297168215512171
PTX3,7.677151296515455e-05
TMEM231,0.0
LPIN2,0.00013023045263114717
CCL20,0.0
REEP4,0.00010607876515045857
DPYD,0.0
FUOM,0.0
LINC01215,0.0
NT5E,0.0005593520373453374
ADAM19,0.0
ERLEC1,0.00040991583439497245
NSUN6,0.0
MARVELD2,0.00018813088524674215
TSPAN2,0.0
CDC42EP1,0.0
CSPP1,2.535071486151353e-05
PRC1,0.0017449909332844275
CCDC112,9.476456687965947e-05
SEC14L1,2.1567118757706785e-05
JSRP1,0.0
NCALD,0.0
AUTS2,0.0
CENPU,0.0004006112784447853
SNAPC1,0.0008244529039773793
AHR,0.0
MNS1,2.3021094853537163e-05
PSTPIP2,0.0
PICALM,0.0
SULF2,0.0
SOX4,2.7487149394803463e-05
SYCE1,0.0
DBT,0.0
TET3,0.0
NXPH4,0.0003013085771429305
AKIRIN2,0.0
CANX,0.00010835709369250676
CDC25B,0.0
SPON1,4.680636003595494e-05
NEU1,0.0
HIST1H3G,3.8233256806622054e-05
CADM1,0.0
ZFP36L1,0.0
CCDC34,0.008023441683579822
ABLIM1,7.79354796074344e-05
CHRNB1,0.0
EPHB1,0.0
GPX3,0.0
SCLT1,0.0
NOG,0.0
HACD1,0.00142452105283949
KIFC3,5.2240584560615904e-05
DPP4,9.958495994091231e-05
FOSB,0.0
ADGRG1,0.0004520663038316411
NEK11,0.0
PHLDA1,0.0026232580592012696
NASP,6.35549871693575e-05
UCHL1,8.354589313027375e-05
ATF4,0.0
HEXIM2,4.4537838665754076e-05
DHRS3,0.0
NAGA,1.9923326341224093e-05
CITED4,0.0
SLC20A2,0.00046739722029915553
NAAA,0.0
FKBP11,0.0
RAD51AP1,6.669093325667028e-05
XAF1,0.0
SESN2,0.0
SYTL4,0.0
PFN1,0.0
NOP16,0.0
C2orf88,4.8042391204959986e-05
RIN2,0.00012094246440524303
VNN1,0.00010622907362656944
FKBP1B,0.0
RECQL,0.0
ZNF710,0.0
SCRN1,0.0005926374367357743
DNAJC10,0.00015242379205125068
RAB34,0.0012829840328313798
CLDN16,0.0
ADGRE5,0.0
DEK,0.0
ELFN1-AS1,0.0
HMGXB3,7.042944337261522e-05
LAMB3,0.0008455810332428259
MAP7D3,0.00015336432439739796
BIRC5,0.0
ARF4,0.0
PTPRE,2.0307004200949607e-05
MARCKSL1,0.0
VSTM1,4.680636003595494e-05
KCNQ1,0.0
BIK,0.017004001904278684
SAA1,0.000105025666962532
TET2,0.0
KIF13A,0.0
CDCA7,0.004299426695636021
SOCS3,0.0
IFNGR2,0.0
WDR44,3.5912713411784764e-05
STAMBPL1,0.0
LTV1,7.888501947508973e-05
AKAP12,4.843748174276751e-05
OPN3,0.0
DDIT4L,0.0
PLAU,0.0006116044762628262
C12orf45,0.0
PLK4,0.0010307763560156817
POFUT1,0.0015319869758641776
TTC26,8.368574538330484e-05
H2AFJ,0.0
IL18,7.301175017661012e-05
APOLD1,0.0
TRMT5,0.0005792890746726001
FAM114A1,0.001335123811862343
TAP2,0.0
HIP1,0.0
TRIP13,0.0061716193985863
MRPL1,0.00010592168704350549
DPYSL2,0.0
TRIM16,0.0002802265959720558
RAB42,0.0
LEPROT,0.0
GRINA,0.0
HM13,9.90986928578987e-05
RAB3B,6.679241015590995e-05
IL6ST,0.001407668773617709
COCH,0.0
SEC11C,0.0
SND1,0.0
FAM117B,0.00015114597048613662
CDV3,3.981966269943554e-05
H1FX,0.0
SLC12A2,0.0002061421499524006
HEXA,0.0
MMP1,9.677607940062526e-05
AP1S2,0.0
SCOC-AS1,8.679214136425897e-05
PPP1R1B,7.152336168045733e-05
HIST1H1A,0.0014801886771120317
ICAM1,0.0
DAPK1,0.0
HAGHL,0.0
MSRB3,0.00021186106930348722
LGALS3BP,0.0003672294067163297
PIF1,6.380120408434396e-05
SFTA2,0.0
MSRB1,0.0
SWI5,0.0020385094782917087
FOSL2,6.98274548894921e-05
RGS19,0.0
DNAJC9,0.00010193755190056595
HADH,0.0
TNNC1,0.0
COL4A1,0.0
JUP,0.0008967078097947653
PPIB,0.0
SLC16A6,2.535071486151353e-05
ATP2A2,0.00036133754561972343
CDKN3,0.00040896888136700017
LXN,0.0
THSD7A,0.0
BSPRY,7.152336168045733e-05
PLEKHF1,0.0
MAK16,7.010247765840467e-05
SUSD5,0.0
LAMA3,0.0007372466573355216
FGFBP1,0.003786170051368033
TSPAN33,0.0
PLXND1,2.2028073106422717e-05
AXL,0.0011473965617921297
CUX1,7.010247765840467e-05
ADI1,0.0
MATN2,0.0
RRM2,0.0
ACER3,5.455765068383729e-05
KIF14,0.00016082136530384984
MSRB2,0.0001572904976976835
METTL8,2.8293594019135037e-05
MYO1C,2.9155516568297084e-05
NGFR,0.0
MREG,0.0
OSCAR,0.0
CBX2,0.0
SLC1A4,0.0
SV2A,6.0653256057111166e-05
HEY1,0.0
TCF7,0.0
IER5,0.0
TRIM58,0.0024962614837332497
PHACTR3,0.0
TCF7L2,0.0013507800194695729
RBP1,0.0002958438374519551
PRICKLE2,8.679214136425897e-05
GPRC5A,0.0009481444579730978
IL17C,0.0
SEZ6L2,0.00047756025281044454
CDC6,0.011019956527375238
NRGN,0.0
LYPD1,9.57900193347102e-05
FSCN1,0.0049902476910089555
LINC01411,0.0
EIF2S2,6.14770647863845e-05
MITF,0.00013509297393276976
NDC80,0.00017198724346329512
SIL1,0.0
SPATA17,0.0
MIR4458HG,0.0
MND1,0.0035746368759763036
CDC42EP3,3.454865466739611e-05
MUC16,0.0
RFC3,0.00219700220117949
MARCH2,0.0
JUNB,0.0
CCDC146,0.0
CD99,0.0
PCDHGC3,7.960349270320537e-05
ALDH7A1,0.00463634356388076
GART,9.402895514793991e-05
KIF23,0.00035155061913178583
MORC4,7.242244240027995e-05
MCM3,0.00010087625936864826
IFIH1,0.0
FAM43A,0.0
DHTKD1,0.00010401960550043782
TPRA1,0.0010075616824421149
CMTM6,0.0
PDLIM7,0.0009775272036372951
PLCE1,0.0
YWHAH,0.0
GOLGA2,0.0005158004081170359
THG1L,8.468425878164012e-05
CMIP,0.0
SRC,7.301175017661012e-05
EAF1,0.0
FJX1,2.4719156803389214e-05
IFI16,0.0
CEP290,0.00011314302156581452
FAM162A,4.2504545078181266e-05
AHI1,9.145215070844115e-05
ANXA4,0.0
DUSP3,9.123007742501568e-05
SLCO2B1,0.0
NOMO1,0.0
UBL7,0.0
CLEC11A,0.0
TMEM178B,0.0
ZFHX3,8.679214136425897e-05
ENDOD1,0.00019196585448734307
YWHAE,0.0002003347074595466
HMGB2,4.156468353659681e-05
TMEM161B,5.931197021174296e-05
GDAP2,0.0
PHLDA3,2.8293594019135037e-05
ACSL4,0.0
PBDC1,0.0
PFKP,0.0016846753970456152
HSD17B7,6.20656015341764e-05
GGCT,0.0
GSTO2,0.005095442177164322
RARS,0.0011950584253832906
LMO4,0.0
ATP6V1B2,0.0
KDELR2,5.075143202921219e-05
NNT-AS1,0.0
TSC22D1,0.0013024766861565323
STX7,0.0
MT1G,0.0
GNE,0.0
RCAN1,0.0
C1orf21,0.0
PON2,7.79354796074344e-05
TPMT,0.0
ERVMER34-1,0.0
ARHGAP18,0.0015765368666885448
HIST1H2BC,0.0
LBX2,0.0
IKBIP,8.764398714806408e-05
KCNK15,0.0
TIMP3,5.803637394549859e-05
REEP3,0.0
BCAT1,0.0
MGST2,5.803637394549859e-05
CDH4,0.0
AURKB,0.0021530332240809955
ERBB2,0.00020349592268712686
CHPF,0.005522601752006729
CASC8,2.0307004200949607e-05
APOL1,0.003239227925558135
DTL,0.015120645293618626
RPS23,0.0
TTC39C,0.0
CACNA1A,0.0
APEX1,0.0
CRNDE,0.014314395684734894
TJP2,0.0013598142064913633
DUSP10,4.4537838665754076e-05
RASSF6,0.0
KSR1,0.0
ORAI2,0.0
EMC1,0.00015179391053595935
ARMCX3,0.0
CARS,0.0
MLLT11,0.0
RNF168,0.00014683987738730184
KITLG,0.0
HIST1H2BN,0.0
TRIP10,0.003881650827003491
CDT1,0.003195604268695241
SPA17,0.0
TWSG1,0.0006234992463770265
CPNE2,2.112759976661103e-05
TBC1D4,0.0
ARHGAP31,0.0
RNF217,0.0012903459885191043
PLIN2,0.0
NDRG1,0.0
CDKN2B,2.7487149394803463e-05
FANCI,0.002717060272384521
HMGN5,0.004337663070837028
SLC39A3,0.0
IFI44,0.0
FBXO2,0.0
NCEH1,0.001312302922274289
DEFB1,0.0
TMEM106A,0.0
SERPINB1,0.0
STAP2,0.0
H2AFY2,0.00022641867944774564
HPSE,3.7492754674680725e-05
PPCDC,0.0
SLC20A1,0.0
MFSD1,0.0
SMIM22,0.0
MACROD2,0.0
CDCA8,0.004071749922720116
CERCAM,0.002786109435784354
ZNF185,0.00010178655324092103
PLXNA3,3.8233256806622054e-05
ZBED2,0.0022576729909324425
TXNDC11,0.0
PGLS,0.0
RAB8A,0.0
TFDP2,0.00017193230743103963
TRIQK,0.0
NRAV,0.00018213358306913083
MYD88,0.0
COMT,0.0
SOX9,0.0
DST,0.006328066245089052
PLXNB1,0.0003807603454298718
TNFRSF25,0.0
PDE4D,0.0
MAP3K1,0.0
GALNT10,0.000363749712701269
ADGRG6,6.0653256057111166e-05
MIEF1,0.0035248030001245306
UBR4,0.0
ZNF583,0.0
DSC2,0.0
AKT3,0.0009158396856702085
RNF157,0.00024414180373124504
NDN,0.0
ORAI3,0.0
FRMD3,0.0
EIF5A2,0.0
PLAGL2,0.0
FNDC3B,0.0
WNK4,0.000144339001440416
NDUFS4,8.809113501253882e-05
TMEM97,0.002338849541111421
BACH1,3.1071184950322934e-05
PUM3,0.0
TPD52,2.673086284357635e-05
ANGPTL4,0.0
STOX2,2.535071486151353e-05
MXD1,0.0
PYCR1,0.0008981152373608237
SBF2-AS1,0.00012421973241189547
SLC24A3,0.0
MYRF,0.0030809553534721368
SPATA6,0.0
PRSS12,0.00013831350224466742
SCO2,0.0
FAM135A,0.0
NFE2L3,0.0
RBBP8,0.00539609606893668
CPM,0.0
MIR100HG,0.0008947699980484139
MPC1,0.0
MCM7,0.0005514419796180258
ZNF821,0.0
SRPK1,3.610568524607469e-05
PXK,0.0
SMIM14,0.0
FAM110A,0.0
DAB2,0.0
COL5A1,0.0
MRPS28,0.0
ADAP1,0.0
AP1M2,6.906285951403423e-05
ATXN1,5.803637394549859e-05
SPECC1,4.935489848823979e-05
TOX2,0.0
NEURL3,0.0
RILP,3.4231200451505476e-05
HIST1H3B,0.0009967015353070357
FAM217B,0.00053623449255582
TM4SF19,0.0
MICAL2,0.0005070052706052762
SEC24A,4.156468353659681e-05
PABPC4,0.0
CEP162,0.0
ANTXR2,0.0
GSPT2,0.0
MFAP5,0.0023489909177819225
DBF4,0.00014020008148382817
PRR36,0.0
PCED1B,0.0
NPDC1,0.00014614320881511898
SAMD9L,0.0
MMAA,0.0
ERCC2,0.0
OSTC,0.0
FCGRT,0.0
NAF1,5.980037556432884e-05
PRKCD,0.0
ZNF331,0.0
CDKN2D,0.0
TMA16,0.005371465417499771
HSPA1A,1.88654693387694e-05
IRAK3,0.0
RBP7,0.0
IFI27L2,2.7487149394803463e-05
XCL1,0.0
SIPA1L1,0.0011622681893477267
SNN,0.0
APP,8.468425878164012e-05
RNF13,0.0
DENND2A,0.0
FBN1,4.935489848823979e-05
HIST2H2AC,0.0
DCPS,8.368574538330484e-05
SURF6,0.004436983370189095
PDGFB,0.00018563457762893847
TFAP4,0.0
PCDHB5,0.0
TLN1,0.0
MAP2K3,0.0
CAMK1D,0.0
BCL9L,0.000465683614352109
TACC1,0.0
ZCCHC8,0.0
UBE2W,0.0
ESCO2,0.00012631869448947625
HLA-DQB1,0.0
RAP1GAP2,0.00016475023676013937
LST1,0.0
PALLD,0.004493359164558241
SMAD3,0.0
LIG1,0.004068346615456736
CPEB2,0.0
SELENBP1,0.0
TXNDC5,0.007726641558992636
ZNF333,0.0
FAM49A,8.341981673576755e-05
MAP9,0.0
PHF23,0.00017066141060246212
DENND3,0.0
IDO1,0.0
CACNG8,0.0
RNF169,5.553750080269239e-05
UGDH,0.004918285446645071
AHNAK2,0.003484976206195667
LMO7,0.0
OXNAD1,0.0
ITGB2,0.0
ADAM15,0.0001637196680424404
ALCAM,0.00020509750736371634
KLF7,0.0
SLC36A4,0.0
PRR11,0.00013199785371048717
TEX9,0.0
CYP2S1,0.0
IL19,0.0
CUEDC1,0.00392371930167346
RIMS2,4.8042391204959986e-05
DSTYK,0.0
SMARCC1,6.20656015341764e-05
SNHG19,0.0
MFGE8,0.00033111755164727796
GRB7,0.00552220906192559
TMED5,0.0
SLFN5,0.0
BTBD8,0.0
TNFRSF18,0.0
VMA21,0.0
LFNG,0.0
MOB3B,0.00020786139299486662
PDSS2,0.0
SPPL3,4.4537838665754076e-05
PLCB3,0.0002690322541109654
AHCTF1,0.00017417845981233029
F11R,0.007227840144518022
ARSB,3.007902809914159e-05
VAV3,0.0
WDR1,0.0
IGF2BP2,0.0018742275507714072
CETN3,0.0
FANCM,0.0
XRCC4,0.0002406324348644756
ZNF587,0.0015898575564073712
GMPPA,3.900805446451968e-05
PHACTR1,0.0
KIAA1841,0.0
DHRS4,0.0
AP1AR,0.0009540171528627467
GNL3,3.900805446451968e-05
IER2,0.0
TBC1D9,0.0
ACO1,0.0
GYG1,2.8293594019135037e-05
PACSIN1,0.0
LARP1B,0.00047433574324826555
PLOD3,0.0
SIPA1L3,8.803203854914842e-05
CRYBG3,0.0001290595711113297
AP4S1,0.0
CAPZA2,0.0
CABLES1,0.00015566862727174112
CBLB,0.0
LYPLAL1,0.0
STARD4,5.152136088040847e-05
PAICS,0.00127579483684753
NCKAP5L,0.0
SPRY1,0.0035826501302819226
MSH6,0.007728686177496065
PLTP,0.0
GCLC,0.00010981899980419965
LIMK2,9.57900193347102e-05
ATP6AP1,0.0
RHBDL2,6.35549871693575e-05
TRIB1,0.00012168000286849684
HIST1H2AG,0.00014453511185706744
PGAP2,2.535071486151353e-05
ZNF516,0.0
SQLE,0.008189227911637046
SDCCAG8,0.0001731830489658589
TGFBRAP1,0.00015581725445683447
TMEM14C,6.35549871693575e-05
ETS1,0.0
DUSP16,0.0
STK38L,0.0
RPS6KA5,0.0
MRPL27,0.0018445823404771484
RNF212,0.0
SNHG12,0.0
ATP2B4,0.0
NID1,8.469301737098948e-05
RGS16,0.0
DRD4,0.0
SLC16A1,0.001540856979769351
LUCAT1,0.0
KLF6,0.0
CPT1A,6.620076349186424e-05
DOCK5,0.0
SWT1,0.0
WNT10A,0.0
RXRA,0.0
CCDC80,7.79354796074344e-05
HIST3H2A,2.2028073106422717e-05
CEP76,4.5640143009508326e-05
TUFM,0.0001853685288594533
WEE1,0.0005999407135678914
ZNF513,0.0
TRIO,0.00017844399511049317
MUTYH,5.682163123220057e-05
LSP1,0.0
CSF2,6.0653256057111166e-05
ZCCHC2,0.0
CCDC30,0.0
ZCCHC7,0.0
TRIM14,0.0
PAK1IP1,0.0029086542478844795
HIST1H3F,0.0
NUDCD1,0.00021767017592527757
PDK3,0.0
FMNL2,0.0009851920256591705
MELK,0.0025042322202245716
MIR193BHG,0.000841479421614846
MCPH1-AS1,0.0
SLC11A1,0.0
DTNA,0.0
HOMER2,0.0
HIGD1A,8.368574538330484e-05
CHDH,0.0
CFL2,0.0001653621413447322
RPL26L1,0.0072525700150356445
ICK,3.007902809914159e-05
SHD,0.0
ATP13A1,0.0
PPP1R15B,0.0
SOCS4,0.0
B4GALNT4,0.0
FAS,0.00011798523693657701
VMO1,0.0
SRM,3.007902809914159e-05
MTFMT,0.0
ZMAT3,5.2240584560615904e-05
ACVRL1,0.0
RCN1,0.00015924257348549065
PER1,0.0
HIST1H4H,0.0
TRIM69,0.0
SNAI1,0.0
NPC1,4.0846930024524096e-05
CSRP1,0.0
PSMA3,5.931197021174296e-05
ARFGEF3,5.075143202921219e-05
CDC123,2.2512120078719216e-05
DLX2,0.0
SAMD3,0.0
PLIN3,0.00014901666396124116
FAM171B,5.5663374877200956e-05
SERPINE2,0.0033656393726038247
MIR99AHG,0.0
INTU,0.0
MTMR1,4.8846249972255534e-05
SEL1L3,0.0
NUFIP2,0.0
MOSPD1,0.0
CNDP2,0.0
ALKBH4,0.0
FBXO30,0.000125012855407766
PHTF1,0.0
PARP16,0.0
FST,0.0
LRRC8B,7.301175017661012e-05
NCBP3,0.001764285327698315
TMX4,4.5640143009508326e-05
IQSEC2,0.0
NAV1,0.0
CDC25C,0.005896143511238275
C11orf80,0.0
PNPLA3,0.0
RPS6,0.0
SLF1,0.00015488632549932811
ZNF335,0.0
SLC16A7,0.0
CCDC86,0.006988492149498245
APOL6,0.0
CMSS1,2.4719156803389214e-05
APMAP,0.0
EDEM1,0.0
KIF1C,1.9923326341224093e-05
CHRDL1,4.8846249972255534e-05
ALDH18A1,0.0008351818066791508
GRAMD4,0.0
PPAT,0.0004587400084074891
DHX33,5.248976550870335e-05
PMS1,5.075143202921219e-05
ATP11C,0.0004759794308143642
TRIB3,0.0
PDK1,0.0
BCL2L11,0.0
CCL22,0.0
ARMCX1,0.0
UBAP2L,0.00021702486365692507
GULP1,0.0016513335931456136
TIGAR,0.0
CDH3,4.8042391204959986e-05
EBNA1BP2,2.673086284357635e-05
TRMT6,0.0
CDC73,0.0
GNAI2,0.0
MAP3K11,0.0
GAPLINC,0.0
MCOLN1,0.0
PDP1,0.00016091692326609331
ARHGAP26,0.0
SMCR5,0.0
SDCBP2-AS1,8.704238374393533e-05
ELK3,6.20656015341764e-05
POLR3D,0.0
KIF3A,0.0004556345204349147
SAMD12,0.0035477962959448613
ACP2,0.0
CCPG1,2.535071486151353e-05
S1PR5,0.0
CNPPD1,0.0
PLEKHA2,0.0
RUNX3,0.0
FAM107B,0.0
DHFR,0.0006189413174118189
CMTM3,0.0
KNSTRN,0.0
FUT11,0.0
ITGAV,0.0010198634683464816
SORD,0.0004189047911340435
DNTTIP1,0.00044818891199651154
ZBTB11,0.0
CTBP2,0.0004075180596757836
WWOX,7.042944337261522e-05
POLD3,0.0012705713044187652
FERMT2,0.0015109263591996987
PIP5KL1,0.0
APBA2,0.0
CEBPZ,0.004032855037896721
CASC19,6.85563575346945e-05
HRK,0.0
ZHX2,0.0
LY96,0.0
RANBP2,0.0001619041734058505
UBE2E2,0.0
TINAGL1,0.005547475450265971
LLGL2,0.0
RHOQ,9.683334050198101e-05
IFITM1,0.0
RRP12,0.0
PECAM1,0.0
PKD2,0.00019657685269223213
LRRC75A,4.8042391204959986e-05
RNASEH2A,0.0
CHAF1A,0.00460598825750704
PHLDA2,0.0027803313460299578
STK39,5.1444631418903326e-05
MED12L,0.0
ZYG11B,0.00024728192074637413
NFIX,0.0015763965316749182
BST2,0.0
TMCC1,8.042608343856272e-05
SYCP2,0.0
RPS6KA3,0.0
GSTZ1,4.156468353659681e-05
TMEM132A,0.0005300003051730889
DNAJB4,0.0
AKR1A1,0.0
DENND2D,0.0
KLF9,0.0
FKBP15,0.0
CDH23,0.0
DUSP14,0.0022798308958613457
BET1,0.0
CHD6,6.506131864110114e-05
MTMR12,9.365184208684665e-05
GK5,0.002302700107037034
TYW3,7.152336168045733e-05
FAM160A1,2.4719156803389214e-05
ZNF829,0.0
CDR2,0.0
EPRS,7.552954059976344e-05
CD2AP,0.0
TP53I11,0.0
RUNX1,0.0
EFCAB2,0.0
SDE2,2.3557035263091937e-05
RGMB,0.0
TPST1,0.0
DDX20,0.0
TST,0.0
PPP1R3E,0.0
LIPE-AS1,9.462570702286198e-05
MSC,0.0
RBM24,0.0
RABGAP1L,0.0
MPP7,0.0
TARSL2,0.0
DCAF13,0.0002492433530329327
GLB1,0.0
MROH6,0.0
CPSF3,8.139610112891299e-05
ANK3,0.0
TMED8,0.00011896655101929204
KDELR3,0.0002567714271098823
GCNT2,6.35549871693575e-05
LPCAT1,0.0
UCHL3,0.00017700417906328682
SLBP,0.0
THRB,0.0003761570869249947
GPATCH2L,6.20656015341764e-05
FOXK2,0.00179168235968557
USP44,0.0
RIT1,0.0
SMYD3,0.00016730846850064783
PM20D2,0.0024695308769821125
STKLD1,0.0
NBN,0.0
CCNB1IP1,4.8042391204959986e-05
EPHA1,0.0
UBXN11,0.0
ZNF462,0.0
ZNF667-AS1,6.744519013888358e-05
MIR222HG,0.0
RABGEF1,0.00033370631328302763
PDLIM4,0.0001883440041917784
RUNX2,4.8042391204959986e-05
F3,0.0037291977725396803
ESF1,0.0
ARHGEF28,8.166426916810116e-05
GABPB2,0.0
MNT,0.0
DNAJC4,0.0
ADAM17,0.0
RAB29,0.0
RBKS,0.0
FUT8,0.00016523365725524844
TRAF7,9.457360393232175e-05
CKAP2,0.0005643998296111384
GATM,0.0
EXPH5,0.0
RBM15,0.0
PHKG1,2.4122210803329708e-05
WDR66,0.0
CD3EAP,0.007036443207659353
DNAJC22,0.0
PDCD11,0.00019561297466265525
PSMB9,0.0
CLSTN3,0.0002299144392887642
VAT1,0.00022549501830278174
TMEM144,6.679241015590995e-05
EXOSC4,0.0009118158127916402
FIGNL1,2.4122210803329708e-05
ZBTB43,0.0
SNX1,0.0
HIPK3,0.0
SLC12A9,0.0
LRP6,0.00019410226382025246
ALDH5A1,7.68189865507138e-05
UBXN7,0.00010775254040823679
FUZ,0.0
TCIRG1,0.0
SH2D3A,0.0
AGMAT,0.0
POP1,0.00023114381089100488
CEP63,0.0
CEP152,6.20656015341764e-05
PPARA,0.00017401004758615875
HYAL3,0.00015396407824846547
GABARAPL1,0.0
IRGQ,2.9155516568297084e-05
SLC43A3,0.00019449878967644425
FGFR1OP,0.00021322849690515194
PGBD5,0.0
BAIAP2,0.014848693998224213
COQ2,0.0
DNAJC25,7.457272432894816e-05
MAST4,0.0
CAMK2D,0.0
GNG12,0.003664108514924396
TBC1D31,9.677607940062526e-05
ACAA2,0.0
NOP14,0.0017786077263226864
MCEE,0.0
MIR155HG,0.0
FANCF,0.0
TAF2,0.0009021049424415619
HCCS,0.0
TMEM125,2.6020080935942354e-05
IER5L,0.005993583046619136
DCTPP1,0.0018255803100427125
RRP15,0.0001419928073542527
GP1BA,0.0
ZNF616,0.0
DIS3,0.0
FGF2,0.0009835754934148784
RPP40,0.000170602991274176
FCHSD2,0.0
FARP2,6.35549871693575e-05
SLC6A8,8.582442658598195e-05
STMN3,0.0
PSPH,0.0020125277016610136
BCL2L1,0.009510467434545984
SUPT3H,0.0
POMGNT1,0.0
SH2B3,0.0
CHCHD3,8.637494354768264e-05
ATXN10,1.7360385997440025e-05
EIF3A,8.166426916810116e-05
USP28,7.975037564374597e-05
CCDC68,0.0
SORT1,0.0006014408930873216
SUFU,0.0
PPP1R21,0.0
ST8SIA6,0.0
NSMCE4A,0.0
DENND1A,0.00025747739789639556
NOLC1,4.4537838665754076e-05
WDR76,0.0
STXBP6,0.0
CRIM1,0.01269116276511064
TLE2,4.8042391204959986e-05
BDNF,0.00462374396245351
KIF16B,0.001173822406112169
NINJ2,0.0
PTPRJ,0.0
HDAC6,2.2512120078719216e-05
FRA10AC1,5.931197021174296e-05
TTC39C-AS1,0.0
SAMD4B,0.00023093036957349118
PCGF6,5.803637394549859e-05
PLD3,4.4537838665754076e-05
AGK,9.677607940062526e-05
MANBA,0.0
NANP,2.4122210803329708e-05
CHD8,0.006584407883040102
PSEN1,4.935489848823979e-05
LHX1,4.935489848823979e-05
PIGU,9.677607940062526e-05
MRPL30,0.00010981899980419965
SMC6,0.0
SOD3,0.0
MDM2,5.075143202921219e-05
MLXIP,0.0
ASB2,0.0
MAFK,0.0
ZNF888,0.0002445437651143658
PFKFB3,8.582442658598195e-05
KIF1B,0.005347785243727084
CCDC125,0.0001190854558811232
MPP5,0.0036989565100950627
LIPH,0.0
VPS13D,0.0
STK32C,9.90986928578987e-05
CDH18,0.0
IVD,0.0
ITPRIPL2,0.0016794744945954376
SLC31A1,2.3021094853537163e-05
NOL8,0.00015502127860596727
EZR,4.680636003595494e-05
ALDH3A1,0.00023954252750413323
LIPT1,0.0
SLC38A9,0.00012854423812351182
VANGL1,0.0
VPS13B,0.0
CEP70,6.85563575346945e-05
SLC12A8,0.0
KCTD15,7.804285455079046e-05
FOXRED1,0.0006365889617896175
RHPN1,5.38321793874111e-05
PCYOX1L,0.0
ACAT2,0.0
KLC4,0.0
AP3B1,0.0
DNAAF2,0.0
RIC1,0.0
CD226,0.0
ZNF232,4.156468353659681e-05
SNHG7,0.0
WDR41,0.0
SRGAP2,4.8846249972255534e-05
TTC32,0.0
TRIM13,0.0
TMEM121,0.0
WDR48,0.00020046974407197677
CEBPG,0.0
FAM13A-AS1,0.0
MAPK1,5.612960054808071e-05
STEAP1,0.0
FAM161A,8.341981673576755e-05
CS,0.0
IMPAD1,0.0
CHST7,0.0
TOR2A,0.0
CCDC186,3.6784259740308626e-05
PARP9,0.0
TCF7L1,6.512809400522527e-05
PRPF4,0.0
MPZL3,0.0
NME2,7.79354796074344e-05
CERS6,0.00013646087165543813
BICD2,0.00012505178162202906
PGAM1,0.00014828648588757803
RFC4,0.0005064880171047289
SIN3B,0.00010158994169117527
IMPACT,0.0
AP2A2,0.00021050581235765756
ANLN,2.4122210803329708e-05
POLR3A,0.0
CASC9,0.0
ITPK1,8.809113501253882e-05
DIAPH2,0.00010736258729984583
PIGB,4.4537838665754076e-05
SEC23IP,0.0
PVT1,0.00012267002793323113
NT5C2,0.0
LPP,0.0
NABP1,0.0
SLC25A13,0.0004939028616222778
KCNK3,0.0
HSBP1L1,0.0
ARHGAP23,0.009211197174010225
TUBE1,0.0
EBPL,0.0
FBXO5,0.009460123190256901
MOSPD2,0.0
TMEM94,0.0
BYSL,0.011970194292835131
UBE2Q1,7.152336168045733e-05
PHB2,0.0
HSDL2,6.85563575346945e-05
WDFY3,4.067085232072793e-05
A2M-AS1,0.0
STARD10,0.0005254981175118915
BNIP1,0.0
HYLS1,8.679214136425897e-05
RDH13,0.00011360324629102242
LRRFIP1,0.0
KIF3B,0.01268512864971129
BTG3,0.0027423544362962806
NETO2,0.0027639055686032097
DMXL1,0.0
TMEM260,0.0
MCM8,0.015523381914969955
CXADR,0.011067874296964257
TIMMDC1,8.939099831088454e-05
LINC00624,8.835952891361673e-05
SCN3A,0.0
PTRH2,0.0
ZNF134,6.60615803412732e-05
BTBD3,0.01032911890455374
ALPK1,0.0
CIAO1,0.00014961354536406933
LINC01191,0.0
TPRKB,3.610568524607469e-05
VEPH1,0.0
ASCC3,0.00026430200388009596
RINT1,0.00010938113559645892
EPOR,0.0
CEP295,0.003953651963793219
FAM53C,0.0
ZDHHC17,0.0
ANKRD36,0.0
NRDE2,0.00012739228687703375
SAP30,5.553750080269239e-05
ERCC6L,0.0
SEC11A,0.0
THAP9-AS1,0.0
FOCAD,0.00021826033524550265
ACAT1,0.0
TTI1,0.00031558732874794004
FBXL20,0.0
VKORC1L1,0.005120297404677041
TRAF1,0.0
ZFYVE26,0.0
SULT1C2,0.0
UBTD2,0.0004042099806652898
TBC1D12,1.955585192339645e-05
ZNF28,2.2028073106422717e-05
NAA35,0.00035634745944865097
ALG3,8.166426916810116e-05
ZNF526,3.21401804966982e-05
CKAP2L,0.0014927902313296862
MTMR3,8.741982262110102e-05
OCLN,0.005149689499583892
MED13L,0.0
RNF170,0.0
ZNF787,0.006743490609897559
DLD,5.455765068383729e-05
TEX2,4.5640143009508326e-05
SLC30A1,9.142228434994013e-05
FRS2,0.00020469150270715708
RIC3,0.0
CBR3,0.0
NIP7,4.935489848823979e-05
FOXO1,5.075143202921219e-05
NUMA1,0.0003060342563972851
SUCLA2,0.0
MICAL3,0.0
TRNP1,0.009515345508869384
TBXA2R,0.0
RRP36,0.0011937511808499865
NFIB,0.005606706916703932
GOLGA6L9,0.0
ABHD2,0.0
LINC01355,0.0
GGCX,2.6020080935942354e-05
ATP13A2,0.0
PIP4K2C,0.0
KIAA1549,0.0
MBNL3,0.0
HADHB,0.0
RPS11,0.0
SPTLC2,7.152336168045733e-05
HECA,4.4537838665754076e-05
CCNJL,0.0
AVIL,0.0
AFTPH,0.0
TM6SF1,0.0
WWC2,0.005593744486500106
NUDT9,4.564014300950833e-05
TMEM159,0.0
GTF2F2,0.004149812166188253
POGLUT1,0.0
RAB11FIP2,0.0
CAMSAP3,0.00016620175000392134
RGS20,0.00011073860215761832
RUVBL1,7.975037564374597e-05
PIK3CB,0.0
KBTBD2,0.00015396407824846547
R3HDM1,0.0
VPS52,0.0017186922037948978
SENP7,0.0
ZNF84,0.0
PISD,8.809113501253882e-05
SNHG18,0.0
ARHGAP11A,0.0
SFXN1,0.0
FGD6,0.0
SUGP1,0.0
FAM89A,0.0
TCEANC2,0.0
ALKBH8,0.0
TPK1,0.0
ZDHHC9,8.468425878164012e-05
SEL1L,0.0
ENTPD3-AS1,0.0
POLB,0.002895219078655182
BMI1,0.0
FGD1,2.2028073106422717e-05
VPS37C,0.0
CLN6,6.512809400522527e-05
SMARCAD1,0.0
IWS1,7.364395788143091e-05
OSMR,0.0003931019631897602
AGPAT1,0.0007478824114217293
BCKDK,0.0
MTF1,0.0001842314865638679
SCAF8,0.0
MVD,5.682163123220057e-05
DGKH,5.553750080269239e-05
EMSY,0.0002689024739745397
CTXN1,0.00053397063419119
GNPDA1,0.00018232380514214425
ZNHIT6,0.00011191111939278084
HAUS2,0.0
CCNT2,0.0
UROD,0.0005363734545432766
ANKS3,0.0
TRAK1,0.0
MAP3K5,0.0
ZDHHC16,6.874448594371711e-05
TM4SF1,0.0009406676953796575
LOXL1,0.00013646087165543813
ZNF276,0.0
OTUD4,3.981966269943554e-05
ABCA7,0.0
GPANK1,2.673086284357635e-05
CC2D1B,0.0
ARSG,0.0
MFSD9,0.0
WRN,0.010592870251789288
AMN1,0.0
APPL2,7.099085787102186e-05
USP12,0.0
FPGS,4.067085232072793e-05
ESYT1,0.0
DEPDC1,0.0037099470922192976
ASAP3,0.0
EPHA10,0.0
RPAP3,0.00012843514890242824
SLFNL1,0.0
GPR65,0.0
ZBTB38,0.00010075001300663141
XPOT,9.947232239691944e-05
HELZ2,0.0
RHBDD1,0.0
FAM98A,0.0025376674299156777
SLC25A37,0.0
NKIRAS2,0.0005316119832789631
RFT1,4.349419988339435e-05
KIAA1614,0.0
RFC5,0.0043062388130142475
ZNF3,0.0
PLD5,6.500770880437992e-05
TNFAIP1,0.00596903984337302
INF2,0.0
PFN4,0.0
ZNF37A,2.0708015592314765e-05
SIX3,0.0
MTERF3,5.803637394549859e-05
RFX1,0.0010902319267558922
ARCN1,0.00028601212342398835
HARS2,0.0
SLC10A7,9.832002467626264e-05
CCDC74B,0.0
THSD7B,0.0
THOP1,0.0027577427042546755
ACTR3,0.0
PDE11A,0.0
NUDT21,2.673086284357635e-05
PELI1,7.242244240027995e-05
HOXB-AS3,0.0001422227151482473
NR4A3,0.0
BSN,0.0
EXD3,0.0
ALDH1L1,0.0
BCAM,8.186721452528823e-05
PAQR9-AS1,0.0
LRRC23,0.0002905424544318238
LINC00881,0.0
TTLL3,9.764242838906006e-05
IL12A-AS1,2.535071486151353e-05
PSTK,0.0
LINC01504,0.0
ZNF566,0.0
MED14,0.0
CXXC4,0.0
CRLF1,0.0
IL31RA,0.0
PMM2,0.0
ORC5,0.0
SRP54,0.0
MON1B,0.0
LINC00909,0.0
IRF2BP2,2.4122210803329708e-05
PARN,2.0708015592314765e-05
ANO10,8.859838486781228e-05
MCM3AP,0.0
SMIM4,0.0
CLPSL2,0.0
DIS3L,0.0
RRNAD1,0.0
FBXW9,4.5640143009508326e-05
NCOR2,0.006071432439343728
TTPAL,4.156468353659681e-05
UHRF1BP1,0.006295056351035621
ISYNA1,0.0
AC004837.4,0.0
DLAT,0.0002586318538039023
RARG,0.0009375768334533587
FBXO45,0.00011404974969211739
TOR1AIP2,4.5640143009508326e-05
IQUB,0.0
KLF14,0.0
PCBD2,0.0
C2orf49,0.0
NAB2,2.3557035263091937e-05
ING2,0.0
TMEM19,0.0
RTN2,0.0
P3H4,0.00013270131087743264
NECAB1,2.1567118757706785e-05
PIR,0.00011148868333771634
HAS2-AS1,0.0
SEH1L,4.2504545078181266e-05
SERPINB8,0.00013657200687594654
DNAH3,0.0
LINC01184,0.0
USP42,0.0002312104005824
AKR1C2,0.0
OCEL1,0.0
SLC19A1,0.0
ITGA3,0.00011823440005070095
MYPN,0.0
LMO1,0.0
GRID1,0.0
ADRA2A,0.0
LARP1,0.0
PIGBOS1,0.0
SYT12,0.0
LRRC32,0.0
FAM181B,0.0
ANKRD13C,0.0
COX18,0.0
ADAMTS8,0.0
ACVR2B,0.00014773525770608265
PMEL,0.0
CCDC71L,0.0
CAAP1,0.0
PAFAH2,0.0
PRMT3,0.00014996520457481486
GLMP,8.742197820335087e-05
SRRT,0.0
CYB5R4,0.0
CRELD1,0.0
KIN,2.9155516568297084e-05
HIF1A-AS1,0.0
GALNT16,0.0
WARS2,7.975037564374597e-05
ZNF839,0.0
NIPA2,8.69883997667887e-05
FLRT2,0.0
NCAPG,9.091462095923967e-05
TMCO4,9.070780018085388e-05
TGM5,0.0
TMEM14A,0.0
DHX37,6.500770880437992e-05
OGG1,5.2240584560615904e-05
KLHDC8B,0.0
TSPAN17,5.2240584560615904e-05
CHPT1,0.0
S100A3,0.0
THEM4,0.0
NTAN1,9.248194032421638e-05
TMEM192,0.000288034781204061
STAC,7.68189865507138e-05
HCFC1R1,0.00013572430861453588
KIAA0586,0.0
MPV17,0.0
SAMD1,0.007477148166366877
ERLIN2,0.00045617214513698926
ZNF33B,4.4537838665754076e-05
SAMD4A,0.0008723328782331014
KCTD3,0.0014351787885066559
LRR1,0.0002127306472441757
AFAP1L1,0.008582443800116555
FAM200A,5.248976550870335e-05
MINK1,7.074988041986952e-05
SLC35A2,0.0
RFC2,7.042944337261522e-05
CRYZ,0.0
RIF1,0.0001241968202586135
AP3S2,7.042944337261522e-05
CEP135,4.5640143009508326e-05
MKNK2,0.0
RAD1,5.075143202921219e-05
NDUFS3,3.981966269943554e-05
MKS1,7.621189602562534e-05
SH2D4A,0.0220151358668455
AP3M1,0.0
KCNK1,0.003166156704984311
STYXL1,0.00011599549693890215
ARHGAP42,0.00029414681733442953
IFT81,0.0001285620175604976
OTUD7A,0.0
HSPBAP1,0.0
FBXO22,6.512809400522527e-05
C8orf82,0.0
CREBZF,0.0
HSD17B8,0.0
TMEM87B,6.85563575346945e-05
CSAD,0.0
TYW1B,0.0
ZNF319,0.0
ITGAL,0.0
RXFP1,3.545512414311058e-05
LINC00482,0.0
L1CAM,0.006631641509260687
HIST2H3D,0.0
CCDC148,0.0
LINC00691,0.0
KCNAB1,0.0
ST6GALNAC1,0.0
HAND2-AS1,0.0
LINC01513,0.0
SERF1B,0.0
VWA7,0.0
EYS,0.0
MAGI2,0.0
LINC01393,4.156468353659681e-05
SDR16C5,0.0
ECM2,0.0
TMEM262,0.0
CST3,0.0
PI3,9.049271442902546e-05
FN1,0.003212590229162127
PTGDS,0.0
GNG11,3.981966269943554e-05
ITM2C,0.0
TFPI2,0.00015429799285911512
IRF7,0.0
IGFN1,0.0
LRRC26,0.0
C1orf54,0.0
CXCL6,7.301175017661012e-05
MALAT1,0.0
ANKRD1,5.363606336223352e-05
TMEM40,0.0
SPANXB1,0.0
DERL3,0.0
WFDC2,0.0001378869842857761
PLAT,0.0001967633894912913
KRT81,0.00028120651130363804
PPP1R14B,0.0
IFITM3,7.539929814511789e-05
S100A2,0.0
TXN,6.744519013888358e-05
CCDC50,4.935489848823979e-05
GATA2,0.0
STC2,0.0
STMN1,7.42088850377089e-05
CCL28,0.0
ANGPT2,0.0
FTH1,0.0
CTTN,0.004855253840460376
LGALS1,0.0
TNFRSF11B,0.00036993260567297673
CLDN1,5.2240584560615904e-05
ENHO,0.0
CMC1,0.0
CSF3,0.0
MIR3945HG,0.0
SMIM24,0.0
COTL1,0.0
SPRR2A,0.0
TUBA1B,0.0
SLC6A14,0.0
CNRIP1,0.0
CXCL5,0.0
MYBL2,0.00017732748018285506
SPARC,4.281912427966882e-05
TGM2,0.000582319766197273
NNMT,0.0002452038192026245
KRT7,0.00020724935047140364
PSAP,0.0
KLRF1,0.0
COL1A1,0.0
DHRS2,0.00010414726639133264
TK1,0.004113986381007204
DDIT3,0.0
GRN,7.888501947508973e-05
KISS1,0.00012357823050675675
MT1M,7.621189602562534e-05
PAEP,0.0
IGFBP3,9.284023385193078e-05
RPL37,0.0
ADGRF1,4.156468353659681e-05
MMP7,4.2504545078181266e-05
CDH6,0.0
EDN1,0.0
HIST1H2BJ,0.0
ALDH1A3,0.001678334824798059
CD68,0.0
MT-ND2,0.0
C3,0.0001015518628275194
DCBLD2,0.00020540688353500372
MMD,5.553750080269239e-05
CFD,0.0
EDN2,5.38321793874111e-05
HIST1H3H,0.0
SAA2,0.00033592498173631223
ACTG1,0.0
CALM1,0.0
ITGA2,0.00021594677318304651
S100A10,0.0
HLA-B,0.0
GDF15,0.00011950016314403122
MYB,0.0
S100A11,0.0
CDK12,4.4537838665754076e-05
SPIB,0.0
BATF3,0.0
RHOC,0.00013073830537838172
LMNA,3.610568524607469e-05
FBXO32,0.0
HLA-DMA,0.0
GSN,0.0
STXBP2,0.0
MAP3K7CL,0.0
RASSF5,0.0
CRYAB,0.0
GSTP1,0.0
WFDC1,0.0
SPINK7,3.007902809914159e-05
KRT17,0.0
SNX3,0.0
ALDH2,0.0
HLA-DMB,0.0
IL1A,0.0
SCG5,0.0
RUFY1,0.0
GNAZ,0.0
BGN,0.0
ZWINT,0.011769485709981856
TXNRD1,0.0
SHCBP1,0.014083971255732523
DUSP2,0.0
TUBA1C,4.8042391204959986e-05
RARRES2,0.0005008033419898421
EGFL7,0.0008967773026191339
SDC4,0.0017261417203260202
HOXA9,0.0
CP,0.0
SUB1,0.0
KRTAP2-3,0.0
PKIB,0.0
LAMC2,0.0009406127932983521
TM4SF18,0.0
PRKAR2B,0.0
LIF,2.112759976661103e-05
MAFB,0.0
SPINK6,0.0
FABP5,6.512809400522527e-05
BANK1,0.0
MYDGF,0.0001304895793504744
PXDN,0.0001775662312101749
ITGB8,0.001528473043413281
FHL2,0.010306775113879882
CAPG,2.0307004200949607e-05
ZNF114,0.0
RSRC2,0.0
ARL6IP1,0.0
TMSB4X,0.0
EEF1A2,9.603284503014727e-05
PCDH9,5.553750080269239e-05
PPME1,0.004574581181504808
RTKN2,0.0004494454152782421
RASD1,0.0
FILIP1L,0.0
CTSZ,0.0
RHOB,3.454865466739611e-05
CALB1,0.0
NDRG2,0.0
APOE,6.14770647863845e-05
RPS29,0.0
SLPI,0.0005966328107823929
MCM2,0.014023658423267
PLBD1,7.940691329517911e-05
RECK,2.9155516568297084e-05
KRT5,0.0
LY6K,0.0
CA12,0.0
GFRA1,2.673086284357635e-05
MACC1,0.003087524201843024
RAB32,0.0
ANXA1,0.0
ALOX5AP,0.0
BNIP3,0.000998046486366902
PGF,4.349419988339435e-05
SLC34A2,0.0
TNNT1,0.0011838039078146919
CD33,0.0
NRARP,0.0
SLC40A1,0.0
NCF2,0.0
CTSH,0.0
H2AFY,6.85563575346945e-05
RNF183,0.0
IL1R2,3.6784259740308626e-05
GAS6,0.00019565551178441553
STC1,0.0
MFAP3L,0.0
RPL27A,0.0
MACF1,0.0
SPC24,0.003640954413780766
